{"timestamp":"2026-07-13T16:11:09.966Z","level":"info","message":"CSV saved","filename":"data\\match_258891.csv","records":1}
{"timestamp":"2026-07-13T16:11:17.239Z","level":"info","message":"JSON saved","filename":"data\\match_258891.json"}
{"timestamp":"2026-07-13T16:11:17.322Z","level":"info","message":"Analysis saved","filename":"data\\analysis_258891.json"}
{"timestamp":"2026-07-13T16:11:19.972Z","level":"info","message":"CSV saved","filename":"data\\match_258891.csv","records":1}
{"timestamp":"2026-07-13T16:11:29.972Z","level":"info","message":"CSV saved","filename":"data\\match_258891.csv","records":1}
{"timestamp":"2026-07-13T16:11:39.984Z","level":"info","message":"CSV saved","filename":"data\\match_258891.csv","records":1}
{"timestamp":"2026-07-13T16:11:49.994Z","level":"info","message":"CSV saved","filename":"data\\match_258891.csv","records":1}
{"timestamp":"2026-07-13T16:11:59.994Z","level":"info","message":"CSV saved","filename":"data\\match_258891.csv","records":1}
{"timestamp":"2026-07-13T16:12:10.008Z","level":"info","message":"CSV saved","filename":"data\\match_258891.csv","records":1}
{"timestamp":"2026-07-13T16:12:17.247Z","level":"info","message":"JSON saved","filename":"data\\match_258891.json"}
{"timestamp":"2026-07-13T16:12:17.249Z","level":"info","message":"Analysis saved","filename":"data\\analysis_258891.json"}
{"timestamp":"2026-07-13T16:12:17.420Z","level":"warn","message":"Failed to fetch stats","error":"Request timeout after 10000ms"}
{"timestamp":"2026-07-13T16:12:20.011Z","level":"info","message":"CSV saved","filename":"data\\match_258891.csv","records":1}
{"timestamp":"2026-07-13T16:12:30.024Z","level":"info","message":"CSV saved","filename":"data\\match_258891.csv","records":1}
{"timestamp":"2026-07-13T16:12:40.032Z","level":"info","message":"CSV saved","filename":"data\\match_258891.csv","records":1}
{"timestamp":"2026-07-13T16:12:50.032Z","level":"info","message":"CSV saved","filename":"data\\match_258891.csv","records":1}
{"timestamp":"2026-07-13T16:12:58.296Z","level":"warn","message":"Failed to fetch stats","error":"Request timeout after 10000ms"}
{"timestamp":"2026-07-13T16:13:00.034Z","level":"info","message":"CSV saved","filename":"data\\match_258891.csv","records":1}
{"timestamp":"2026-07-13T16:13:10.045Z","level":"info","message":"CSV saved","filename":"data\\match_258891.csv","records":1}
{"timestamp":"2026-07-13T16:13:17.252Z","level":"info","message":"JSON saved","filename":"data\\match_258891.json"}
{"timestamp":"2026-07-13T16:13:17.258Z","level":"info","message":"Analysis saved","filename":"data\\analysis_258891.json"}
{"timestamp":"2026-07-13T16:13:20.053Z","level":"info","message":"CSV saved","filename":"data\\match_258891.csv","records":1}
{"timestamp":"2026-07-13T16:13:30.064Z","level":"info","message":"CSV saved","filename":"data\\match_258891.csv","records":1}
{"timestamp":"2026-07-13T16:13:40.068Z","level":"info","message":"CSV saved","filename":"data\\match_258891.csv","records":1}
{"timestamp":"2026-07-13T16:13:50.077Z","level":"info","message":"CSV saved","filename":"data\\match_258891.csv","records":1}
{"timestamp":"2026-07-13T16:14:00.085Z","level":"info","message":"CSV saved","filename":"data\\match_258891.csv","records":1}
{"timestamp":"2026-07-13T16:14:10.087Z","level":"info","message":"CSV saved","filename":"data\\match_258891.csv","records":1}
{"timestamp":"2026-07-13T16:14:17.257Z","level":"info","message":"JSON saved","filename":"data\\match_258891.json"}
{"timestamp":"2026-07-13T16:14:17.260Z","level":"info","message":"Analysis saved","filename":"data\\analysis_258891.json"}
{"timestamp":"2026-07-13T16:14:20.089Z","level":"info","message":"CSV saved","filename":"data\\match_258891.csv","records":1}
{"timestamp":"2026-07-13T16:14:30.102Z","level":"info","message":"CSV saved","filename":"data\\match_258891.csv","records":1}
{"timestamp":"2026-07-13T16:14:40.118Z","level":"info","message":"CSV saved","filename":"data\\match_258891.csv","records":1}
{"timestamp":"2026-07-13T16:14:50.128Z","level":"info","message":"CSV saved","filename":"data\\match_258891.csv","records":1}
{"timestamp":"2026-07-13T16:15:00.143Z","level":"info","message":"CSV saved","filename":"data\\match_258891.csv","records":1}
{"timestamp":"2026-07-13T16:15:10.144Z","level":"info","message":"CSV saved","filename":"data\\match_258891.csv","records":1}
{"timestamp":"2026-07-13T16:15:17.270Z","level":"info","message":"JSON saved","filename":"data\\match_258891.json"}
{"timestamp":"2026-07-13T16:15:17.271Z","level":"info","message":"Analysis saved","filename":"data\\analysis_258891.json"}
{"timestamp":"2026-07-13T16:15:20.159Z","level":"info","message":"CSV saved","filename":"data\\match_258891.csv","records":1}
{"timestamp":"2026-07-13T16:15:30.166Z","level":"info","message":"CSV saved","filename":"data\\match_258891.csv","records":1}
{"timestamp":"2026-07-13T16:15:40.175Z","level":"info","message":"CSV saved","filename":"data\\match_258891.csv","records":1}
{"timestamp":"2026-07-13T16:15:50.180Z","level":"info","message":"CSV saved","filename":"data\\match_258891.csv","records":1}
{"timestamp":"2026-07-13T16:16:00.181Z","level":"info","message":"CSV saved","filename":"data\\match_258891.csv","records":1}
{"timestamp":"2026-07-13T16:16:10.189Z","level":"info","message":"CSV saved","filename":"data\\match_258891.csv","records":1}
{"timestamp":"2026-07-13T16:16:17.269Z","level":"info","message":"JSON saved","filename":"data\\match_258891.json"}
{"timestamp":"2026-07-13T16:16:17.274Z","level":"info","message":"Analysis saved","filename":"data\\analysis_258891.json"}
{"timestamp":"2026-07-13T16:16:20.191Z","level":"info","message":"CSV saved","filename":"data\\match_258891.csv","records":1}
{"timestamp":"2026-07-13T16:16:30.207Z","level":"info","message":"CSV saved","filename":"data\\match_258891.csv","records":1}
{"timestamp":"2026-07-13T16:16:40.213Z","level":"info","message":"CSV saved","filename":"data\\match_258891.csv","records":1}
{"timestamp":"2026-07-13T16:16:50.223Z","level":"info","message":"CSV saved","filename":"data\\match_258891.csv","records":1}
{"timestamp":"2026-07-13T16:17:00.231Z","level":"info","message":"CSV saved","filename":"data\\match_258891.csv","records":1}
{"timestamp":"2026-07-13T16:17:10.240Z","level":"info","message":"CSV saved","filename":"data\\match_258891.csv","records":1}
{"timestamp":"2026-07-13T16:17:17.268Z","level":"info","message":"JSON saved","filename":"data\\match_258891.json"}
{"timestamp":"2026-07-13T16:17:17.270Z","level":"info","message":"Analysis saved","filename":"data\\analysis_258891.json"}
{"timestamp":"2026-07-13T16:17:20.250Z","level":"info","message":"CSV saved","filename":"data\\match_258891.csv","records":1}
{"timestamp":"2026-07-13T16:17:30.261Z","level":"info","message":"CSV saved","filename":"data\\match_258891.csv","records":1}
{"timestamp":"2026-07-13T16:17:40.274Z","level":"info","message":"CSV saved","filename":"data\\match_258891.csv","records":1}
{"timestamp":"2026-07-13T16:17:50.279Z","level":"info","message":"CSV saved","filename":"data\\match_258891.csv","records":1}
{"timestamp":"2026-07-13T16:18:00.279Z","level":"info","message":"CSV saved","filename":"data\\match_258891.csv","records":1}
{"timestamp":"2026-07-13T16:18:10.309Z","level":"info","message":"CSV saved","filename":"data\\match_258891.csv","records":1}
{"timestamp":"2026-07-13T16:18:17.271Z","level":"info","message":"JSON saved","filename":"data\\match_258891.json"}
{"timestamp":"2026-07-13T16:18:17.276Z","level":"info","message":"Analysis saved","filename":"data\\analysis_258891.json"}
{"timestamp":"2026-07-13T16:18:20.305Z","level":"info","message":"CSV saved","filename":"data\\match_258891.csv","records":1}
{"timestamp":"2026-07-13T16:18:30.310Z","level":"info","message":"CSV saved","filename":"data\\match_258891.csv","records":1}
{"timestamp":"2026-07-13T16:18:40.318Z","level":"info","message":"CSV saved","filename":"data\\match_258891.csv","records":1}
{"timestamp":"2026-07-13T16:18:50.323Z","level":"info","message":"CSV saved","filename":"data\\match_258891.csv","records":1}
{"timestamp":"2026-07-13T16:19:01.758Z","level":"info","message":"CSV saved","filename":"data\\match_258891.csv","records":1}
{"timestamp":"2026-07-13T16:19:10.329Z","level":"info","message":"CSV saved","filename":"data\\match_258891.csv","records":1}
{"timestamp":"2026-07-13T16:19:17.283Z","level":"info","message":"JSON saved","filename":"data\\match_258891.json"}
{"timestamp":"2026-07-13T16:19:17.296Z","level":"info","message":"Analysis saved","filename":"data\\analysis_258891.json"}
{"timestamp":"2026-07-13T16:19:20.344Z","level":"info","message":"CSV saved","filename":"data\\match_258891.csv","records":1}
{"timestamp":"2026-07-13T16:19:30.353Z","level":"info","message":"CSV saved","filename":"data\\match_258891.csv","records":1}
{"timestamp":"2026-07-13T16:19:40.365Z","level":"info","message":"CSV saved","filename":"data\\match_258891.csv","records":1}
{"timestamp":"2026-07-13T16:19:50.371Z","level":"info","message":"CSV saved","filename":"data\\match_258891.csv","records":1}
{"timestamp":"2026-07-13T16:20:00.412Z","level":"info","message":"CSV saved","filename":"data\\match_258891.csv","records":1}
{"timestamp":"2026-07-13T16:20:10.390Z","level":"info","message":"CSV saved","filename":"data\\match_258891.csv","records":1}
{"timestamp":"2026-07-13T16:20:17.282Z","level":"info","message":"JSON saved","filename":"data\\match_258891.json"}
{"timestamp":"2026-07-13T16:20:17.285Z","level":"info","message":"Analysis saved","filename":"data\\analysis_258891.json"}
{"timestamp":"2026-07-13T16:20:20.393Z","level":"info","message":"CSV saved","filename":"data\\match_258891.csv","records":1}
{"timestamp":"2026-07-13T16:20:30.400Z","level":"info","message":"CSV saved","filename":"data\\match_258891.csv","records":1}
{"timestamp":"2026-07-13T16:20:40.434Z","level":"info","message":"CSV saved","filename":"data\\match_258891.csv","records":1}
{"timestamp":"2026-07-13T16:20:50.445Z","level":"info","message":"CSV saved","filename":"data\\match_258891.csv","records":1}
{"timestamp":"2026-07-13T16:21:00.452Z","level":"info","message":"CSV saved","filename":"data\\match_258891.csv","records":1}
{"timestamp":"2026-07-13T16:21:10.501Z","level":"info","message":"CSV saved","filename":"data\\match_258891.csv","records":1}
{"timestamp":"2026-07-13T16:21:17.362Z","level":"info","message":"JSON saved","filename":"data\\match_258891.json"}
{"timestamp":"2026-07-13T16:21:17.394Z","level":"info","message":"Analysis saved","filename":"data\\analysis_258891.json"}
{"timestamp":"2026-07-13T16:21:20.479Z","level":"info","message":"CSV saved","filename":"data\\match_258891.csv","records":1}
{"timestamp":"2026-07-13T16:21:30.488Z","level":"info","message":"CSV saved","filename":"data\\match_258891.csv","records":1}
{"timestamp":"2026-07-13T16:21:40.489Z","level":"info","message":"CSV saved","filename":"data\\match_258891.csv","records":1}
{"timestamp":"2026-07-13T16:21:50.501Z","level":"info","message":"CSV saved","filename":"data\\match_258891.csv","records":1}
{"timestamp":"2026-07-13T16:22:00.502Z","level":"info","message":"CSV saved","filename":"data\\match_258891.csv","records":1}
{"timestamp":"2026-07-13T16:22:10.514Z","level":"info","message":"CSV saved","filename":"data\\match_258891.csv","records":1}
{"timestamp":"2026-07-13T16:22:17.343Z","level":"info","message":"JSON saved","filename":"data\\match_258891.json"}
{"timestamp":"2026-07-13T16:22:17.345Z","level":"info","message":"Analysis saved","filename":"data\\analysis_258891.json"}
{"timestamp":"2026-07-13T16:22:20.524Z","level":"info","message":"CSV saved","filename":"data\\match_258891.csv","records":1}
{"timestamp":"2026-07-13T16:22:30.532Z","level":"info","message":"CSV saved","filename":"data\\match_258891.csv","records":1}
{"timestamp":"2026-07-13T16:22:40.533Z","level":"info","message":"CSV saved","filename":"data\\match_258891.csv","records":1}
{"timestamp":"2026-07-13T16:22:50.545Z","level":"info","message":"CSV saved","filename":"data\\match_258891.csv","records":1}
{"timestamp":"2026-07-13T16:23:00.555Z","level":"info","message":"CSV saved","filename":"data\\match_258891.csv","records":1}
{"timestamp":"2026-07-13T16:23:10.566Z","level":"info","message":"CSV saved","filename":"data\\match_258891.csv","records":1}
{"timestamp":"2026-07-13T16:23:17.354Z","level":"info","message":"JSON saved","filename":"data\\match_258891.json"}
{"timestamp":"2026-07-13T16:23:17.356Z","level":"info","message":"Analysis saved","filename":"data\\analysis_258891.json"}
{"timestamp":"2026-07-13T16:23:20.575Z","level":"info","message":"CSV saved","filename":"data\\match_258891.csv","records":1}
{"timestamp":"2026-07-13T16:23:30.581Z","level":"info","message":"CSV saved","filename":"data\\match_258891.csv","records":1}
{"timestamp":"2026-07-13T16:23:40.593Z","level":"info","message":"CSV saved","filename":"data\\match_258891.csv","records":1}
{"timestamp":"2026-07-13T16:23:50.599Z","level":"info","message":"CSV saved","filename":"data\\match_258891.csv","records":1}
{"timestamp":"2026-07-13T16:24:00.612Z","level":"info","message":"CSV saved","filename":"data\\match_258891.csv","records":1}
{"timestamp":"2026-07-13T16:24:10.626Z","level":"info","message":"CSV saved","filename":"data\\match_258891.csv","records":1}
{"timestamp":"2026-07-13T16:24:17.361Z","level":"info","message":"JSON saved","filename":"data\\match_258891.json"}
{"timestamp":"2026-07-13T16:24:17.363Z","level":"info","message":"Analysis saved","filename":"data\\analysis_258891.json"}
{"timestamp":"2026-07-13T16:24:20.636Z","level":"info","message":"CSV saved","filename":"data\\match_258891.csv","records":1}
{"timestamp":"2026-07-13T16:24:30.642Z","level":"info","message":"CSV saved","filename":"data\\match_258891.csv","records":1}
{"timestamp":"2026-07-13T16:24:40.646Z","level":"info","message":"CSV saved","filename":"data\\match_258891.csv","records":1}
{"timestamp":"2026-07-13T16:24:50.662Z","level":"info","message":"CSV saved","filename":"data\\match_258891.csv","records":1}
{"timestamp":"2026-07-13T16:25:00.662Z","level":"info","message":"CSV saved","filename":"data\\match_258891.csv","records":1}
{"timestamp":"2026-07-13T16:25:10.670Z","level":"info","message":"CSV saved","filename":"data\\match_258891.csv","records":1}
{"timestamp":"2026-07-13T16:25:17.368Z","level":"info","message":"JSON saved","filename":"data\\match_258891.json"}
{"timestamp":"2026-07-13T16:25:17.371Z","level":"info","message":"Analysis saved","filename":"data\\analysis_258891.json"}
{"timestamp":"2026-07-13T16:25:20.672Z","level":"info","message":"CSV saved","filename":"data\\match_258891.csv","records":1}
{"timestamp":"2026-07-13T16:25:30.686Z","level":"info","message":"CSV saved","filename":"data\\match_258891.csv","records":1}
{"timestamp":"2026-07-13T16:25:40.697Z","level":"info","message":"CSV saved","filename":"data\\match_258891.csv","records":1}
{"timestamp":"2026-07-13T16:25:50.702Z","level":"info","message":"CSV saved","filename":"data\\match_258891.csv","records":1}
{"timestamp":"2026-07-13T16:26:00.706Z","level":"info","message":"CSV saved","filename":"data\\match_258891.csv","records":1}
{"timestamp":"2026-07-13T16:26:10.717Z","level":"info","message":"CSV saved","filename":"data\\match_258891.csv","records":1}
{"timestamp":"2026-07-13T16:26:17.378Z","level":"info","message":"JSON saved","filename":"data\\match_258891.json"}
{"timestamp":"2026-07-13T16:26:17.381Z","level":"info","message":"Analysis saved","filename":"data\\analysis_258891.json"}
{"timestamp":"2026-07-13T16:26:20.727Z","level":"info","message":"CSV saved","filename":"data\\match_258891.csv","records":1}
{"timestamp":"2026-07-13T16:26:30.738Z","level":"info","message":"CSV saved","filename":"data\\match_258891.csv","records":1}
{"timestamp":"2026-07-13T16:26:40.744Z","level":"info","message":"CSV saved","filename":"data\\match_258891.csv","records":1}
{"timestamp":"2026-07-13T16:26:50.753Z","level":"info","message":"CSV saved","filename":"data\\match_258891.csv","records":1}
{"timestamp":"2026-07-13T16:27:00.766Z","level":"info","message":"CSV saved","filename":"data\\match_258891.csv","records":1}
{"timestamp":"2026-07-13T16:27:10.770Z","level":"info","message":"CSV saved","filename":"data\\match_258891.csv","records":1}
{"timestamp":"2026-07-13T16:27:17.390Z","level":"info","message":"JSON saved","filename":"data\\match_258891.json"}
{"timestamp":"2026-07-13T16:27:17.392Z","level":"info","message":"Analysis saved","filename":"data\\analysis_258891.json"}
{"timestamp":"2026-07-13T16:27:20.780Z","level":"info","message":"CSV saved","filename":"data\\match_258891.csv","records":1}
{"timestamp":"2026-07-13T16:27:30.797Z","level":"info","message":"CSV saved","filename":"data\\match_258891.csv","records":1}
{"timestamp":"2026-07-13T16:27:40.807Z","level":"info","message":"CSV saved","filename":"data\\match_258891.csv","records":1}
{"timestamp":"2026-07-13T16:27:50.821Z","level":"info","message":"CSV saved","filename":"data\\match_258891.csv","records":1}
{"timestamp":"2026-07-13T16:28:00.831Z","level":"info","message":"CSV saved","filename":"data\\match_258891.csv","records":1}
{"timestamp":"2026-07-13T16:28:10.840Z","level":"info","message":"CSV saved","filename":"data\\match_258891.csv","records":1}
{"timestamp":"2026-07-13T16:28:17.399Z","level":"info","message":"JSON saved","filename":"data\\match_258891.json"}
{"timestamp":"2026-07-13T16:28:17.402Z","level":"info","message":"Analysis saved","filename":"data\\analysis_258891.json"}
{"timestamp":"2026-07-13T16:28:20.845Z","level":"info","message":"CSV saved","filename":"data\\match_258891.csv","records":1}
{"timestamp":"2026-07-13T16:28:30.857Z","level":"info","message":"CSV saved","filename":"data\\match_258891.csv","records":1}
{"timestamp":"2026-07-13T16:28:40.868Z","level":"info","message":"CSV saved","filename":"data\\match_258891.csv","records":1}
{"timestamp":"2026-07-13T16:28:50.882Z","level":"info","message":"CSV saved","filename":"data\\match_258891.csv","records":1}
{"timestamp":"2026-07-13T16:29:00.891Z","level":"info","message":"CSV saved","filename":"data\\match_258891.csv","records":1}
{"timestamp":"2026-07-13T16:29:10.905Z","level":"info","message":"CSV saved","filename":"data\\match_258891.csv","records":1}
{"timestamp":"2026-07-13T16:29:17.406Z","level":"info","message":"JSON saved","filename":"data\\match_258891.json"}
{"timestamp":"2026-07-13T16:29:17.407Z","level":"info","message":"Analysis saved","filename":"data\\analysis_258891.json"}
{"timestamp":"2026-07-13T16:29:20.913Z","level":"info","message":"CSV saved","filename":"data\\match_258891.csv","records":1}
{"timestamp":"2026-07-13T16:29:30.924Z","level":"info","message":"CSV saved","filename":"data\\match_258891.csv","records":1}
{"timestamp":"2026-07-13T16:29:40.930Z","level":"info","message":"CSV saved","filename":"data\\match_258891.csv","records":1}
{"timestamp":"2026-07-13T16:29:50.942Z","level":"info","message":"CSV saved","filename":"data\\match_258891.csv","records":1}
{"timestamp":"2026-07-13T16:30:00.949Z","level":"info","message":"CSV saved","filename":"data\\match_258891.csv","records":1}
{"timestamp":"2026-07-13T16:30:10.959Z","level":"info","message":"CSV saved","filename":"data\\match_258891.csv","records":1}
{"timestamp":"2026-07-13T16:30:17.417Z","level":"info","message":"JSON saved","filename":"data\\match_258891.json"}
{"timestamp":"2026-07-13T16:30:17.418Z","level":"info","message":"Analysis saved","filename":"data\\analysis_258891.json"}
{"timestamp":"2026-07-13T16:30:20.969Z","level":"info","message":"CSV saved","filename":"data\\match_258891.csv","records":1}
{"timestamp":"2026-07-13T16:30:30.979Z","level":"info","message":"CSV saved","filename":"data\\match_258891.csv","records":1}
{"timestamp":"2026-07-13T16:30:40.982Z","level":"info","message":"CSV saved","filename":"data\\match_258891.csv","records":1}
{"timestamp":"2026-07-13T16:30:50.987Z","level":"info","message":"CSV saved","filename":"data\\match_258891.csv","records":1}
{"timestamp":"2026-07-13T16:31:00.990Z","level":"info","message":"CSV saved","filename":"data\\match_258891.csv","records":1}
{"timestamp":"2026-07-13T16:31:11.001Z","level":"info","message":"CSV saved","filename":"data\\match_258891.csv","records":1}
{"timestamp":"2026-07-13T16:31:17.421Z","level":"info","message":"JSON saved","filename":"data\\match_258891.json"}
{"timestamp":"2026-07-13T16:31:17.424Z","level":"info","message":"Analysis saved","filename":"data\\analysis_258891.json"}
{"timestamp":"2026-07-13T16:31:21.002Z","level":"info","message":"CSV saved","filename":"data\\match_258891.csv","records":1}
{"timestamp":"2026-07-13T16:31:31.003Z","level":"info","message":"CSV saved","filename":"data\\match_258891.csv","records":1}
{"timestamp":"2026-07-13T16:31:41.009Z","level":"info","message":"CSV saved","filename":"data\\match_258891.csv","records":1}
{"timestamp":"2026-07-13T16:31:51.021Z","level":"info","message":"CSV saved","filename":"data\\match_258891.csv","records":1}
{"timestamp":"2026-07-13T16:32:01.035Z","level":"info","message":"CSV saved","filename":"data\\match_258891.csv","records":1}
{"timestamp":"2026-07-13T16:32:11.038Z","level":"info","message":"CSV saved","filename":"data\\match_258891.csv","records":1}
{"timestamp":"2026-07-13T16:32:17.435Z","level":"info","message":"JSON saved","filename":"data\\match_258891.json"}
{"timestamp":"2026-07-13T16:32:17.438Z","level":"info","message":"Analysis saved","filename":"data\\analysis_258891.json"}
{"timestamp":"2026-07-13T16:32:21.050Z","level":"info","message":"CSV saved","filename":"data\\match_258891.csv","records":1}
{"timestamp":"2026-07-13T16:32:31.053Z","level":"info","message":"CSV saved","filename":"data\\match_258891.csv","records":1}
{"timestamp":"2026-07-13T16:32:41.060Z","level":"info","message":"CSV saved","filename":"data\\match_258891.csv","records":1}
{"timestamp":"2026-07-13T16:32:51.064Z","level":"info","message":"CSV saved","filename":"data\\match_258891.csv","records":1}
{"timestamp":"2026-07-13T16:33:01.074Z","level":"info","message":"CSV saved","filename":"data\\match_258891.csv","records":1}
{"timestamp":"2026-07-13T16:33:11.074Z","level":"info","message":"CSV saved","filename":"data\\match_258891.csv","records":1}
{"timestamp":"2026-07-13T16:33:17.437Z","level":"info","message":"JSON saved","filename":"data\\match_258891.json"}
{"timestamp":"2026-07-13T16:33:17.439Z","level":"info","message":"Analysis saved","filename":"data\\analysis_258891.json"}
{"timestamp":"2026-07-13T16:33:21.078Z","level":"info","message":"CSV saved","filename":"data\\match_258891.csv","records":1}
{"timestamp":"2026-07-13T16:33:31.094Z","level":"info","message":"CSV saved","filename":"data\\match_258891.csv","records":1}
{"timestamp":"2026-07-13T16:33:41.101Z","level":"info","message":"CSV saved","filename":"data\\match_258891.csv","records":1}
{"timestamp":"2026-07-13T16:33:51.108Z","level":"info","message":"CSV saved","filename":"data\\match_258891.csv","records":1}
{"timestamp":"2026-07-13T16:34:01.121Z","level":"info","message":"CSV saved","filename":"data\\match_258891.csv","records":1}
{"timestamp":"2026-07-13T16:34:11.124Z","level":"info","message":"CSV saved","filename":"data\\match_258891.csv","records":1}
{"timestamp":"2026-07-13T16:34:17.447Z","level":"info","message":"JSON saved","filename":"data\\match_258891.json"}
{"timestamp":"2026-07-13T16:34:17.449Z","level":"info","message":"Analysis saved","filename":"data\\analysis_258891.json"}
{"timestamp":"2026-07-13T16:34:21.126Z","level":"info","message":"CSV saved","filename":"data\\match_258891.csv","records":1}
{"timestamp":"2026-07-13T16:34:31.126Z","level":"info","message":"CSV saved","filename":"data\\match_258891.csv","records":1}
{"timestamp":"2026-07-13T16:34:41.126Z","level":"info","message":"CSV saved","filename":"data\\match_258891.csv","records":1}
{"timestamp":"2026-07-13T16:34:51.138Z","level":"info","message":"CSV saved","filename":"data\\match_258891.csv","records":1}
{"timestamp":"2026-07-13T16:35:01.141Z","level":"info","message":"CSV saved","filename":"data\\match_258891.csv","records":1}
{"timestamp":"2026-07-13T16:35:11.149Z","level":"info","message":"CSV saved","filename":"data\\match_258891.csv","records":1}
{"timestamp":"2026-07-13T16:35:17.457Z","level":"info","message":"JSON saved","filename":"data\\match_258891.json"}
{"timestamp":"2026-07-13T16:35:17.459Z","level":"info","message":"Analysis saved","filename":"data\\analysis_258891.json"}
{"timestamp":"2026-07-13T16:35:21.156Z","level":"info","message":"CSV saved","filename":"data\\match_258891.csv","records":1}
{"timestamp":"2026-07-13T16:35:31.163Z","level":"info","message":"CSV saved","filename":"data\\match_258891.csv","records":1}
{"timestamp":"2026-07-13T16:35:41.163Z","level":"info","message":"CSV saved","filename":"data\\match_258891.csv","records":1}
{"timestamp":"2026-07-13T16:35:51.168Z","level":"info","message":"CSV saved","filename":"data\\match_258891.csv","records":1}
{"timestamp":"2026-07-13T16:36:01.182Z","level":"info","message":"CSV saved","filename":"data\\match_258891.csv","records":1}
{"timestamp":"2026-07-13T16:36:11.183Z","level":"info","message":"CSV saved","filename":"data\\match_258891.csv","records":1}
{"timestamp":"2026-07-13T16:36:17.471Z","level":"info","message":"JSON saved","filename":"data\\match_258891.json"}
{"timestamp":"2026-07-13T16:36:17.473Z","level":"info","message":"Analysis saved","filename":"data\\analysis_258891.json"}
{"timestamp":"2026-07-13T16:36:21.195Z","level":"info","message":"CSV saved","filename":"data\\match_258891.csv","records":1}
{"timestamp":"2026-07-13T16:36:31.200Z","level":"info","message":"CSV saved","filename":"data\\match_258891.csv","records":1}
{"timestamp":"2026-07-13T16:36:41.211Z","level":"info","message":"CSV saved","filename":"data\\match_258891.csv","records":1}
{"timestamp":"2026-07-13T16:36:51.225Z","level":"info","message":"CSV saved","filename":"data\\match_258891.csv","records":1}
{"timestamp":"2026-07-13T16:37:03.692Z","level":"info","message":"CSV saved","filename":"data\\match_258891.csv","records":1}
{"timestamp":"2026-07-13T16:37:11.245Z","level":"info","message":"CSV saved","filename":"data\\match_258891.csv","records":1}
{"timestamp":"2026-07-13T16:37:17.473Z","level":"info","message":"JSON saved","filename":"data\\match_258891.json"}
{"timestamp":"2026-07-13T16:37:17.475Z","level":"info","message":"Analysis saved","filename":"data\\analysis_258891.json"}
{"timestamp":"2026-07-13T16:37:21.253Z","level":"info","message":"CSV saved","filename":"data\\match_258891.csv","records":1}
{"timestamp":"2026-07-13T16:37:31.265Z","level":"info","message":"CSV saved","filename":"data\\match_258891.csv","records":1}
{"timestamp":"2026-07-13T16:37:41.280Z","level":"info","message":"CSV saved","filename":"data\\match_258891.csv","records":1}
{"timestamp":"2026-07-13T16:37:51.281Z","level":"info","message":"CSV saved","filename":"data\\match_258891.csv","records":1}
{"timestamp":"2026-07-13T16:38:01.287Z","level":"info","message":"CSV saved","filename":"data\\match_258891.csv","records":1}
{"timestamp":"2026-07-13T16:38:11.296Z","level":"info","message":"CSV saved","filename":"data\\match_258891.csv","records":1}
{"timestamp":"2026-07-13T16:38:17.488Z","level":"info","message":"JSON saved","filename":"data\\match_258891.json"}
{"timestamp":"2026-07-13T16:38:17.490Z","level":"info","message":"Analysis saved","filename":"data\\analysis_258891.json"}
{"timestamp":"2026-07-13T16:38:21.297Z","level":"info","message":"CSV saved","filename":"data\\match_258891.csv","records":1}
{"timestamp":"2026-07-13T16:38:31.297Z","level":"info","message":"CSV saved","filename":"data\\match_258891.csv","records":1}
{"timestamp":"2026-07-13T16:38:41.297Z","level":"info","message":"CSV saved","filename":"data\\match_258891.csv","records":1}
{"timestamp":"2026-07-13T16:38:51.309Z","level":"info","message":"CSV saved","filename":"data\\match_258891.csv","records":1}
{"timestamp":"2026-07-13T16:39:01.310Z","level":"info","message":"CSV saved","filename":"data\\match_258891.csv","records":1}
{"timestamp":"2026-07-13T16:39:11.318Z","level":"info","message":"CSV saved","filename":"data\\match_258891.csv","records":1}
{"timestamp":"2026-07-13T16:39:17.498Z","level":"info","message":"JSON saved","filename":"data\\match_258891.json"}
{"timestamp":"2026-07-13T16:39:17.500Z","level":"info","message":"Analysis saved","filename":"data\\analysis_258891.json"}
{"timestamp":"2026-07-13T16:39:21.319Z","level":"info","message":"CSV saved","filename":"data\\match_258891.csv","records":1}
{"timestamp":"2026-07-13T16:39:31.326Z","level":"info","message":"CSV saved","filename":"data\\match_258891.csv","records":1}
{"timestamp":"2026-07-13T16:39:41.326Z","level":"info","message":"CSV saved","filename":"data\\match_258891.csv","records":1}
{"timestamp":"2026-07-13T16:39:51.335Z","level":"info","message":"CSV saved","filename":"data\\match_258891.csv","records":1}
{"timestamp":"2026-07-13T16:40:01.350Z","level":"info","message":"CSV saved","filename":"data\\match_258891.csv","records":1}
{"timestamp":"2026-07-13T16:40:11.364Z","level":"info","message":"CSV saved","filename":"data\\match_258891.csv","records":1}
{"timestamp":"2026-07-13T16:40:17.499Z","level":"info","message":"JSON saved","filename":"data\\match_258891.json"}
{"timestamp":"2026-07-13T16:40:17.501Z","level":"info","message":"Analysis saved","filename":"data\\analysis_258891.json"}
{"timestamp":"2026-07-13T16:40:21.372Z","level":"info","message":"CSV saved","filename":"data\\match_258891.csv","records":1}
{"timestamp":"2026-07-13T16:40:31.373Z","level":"info","message":"CSV saved","filename":"data\\match_258891.csv","records":1}
{"timestamp":"2026-07-13T16:40:41.381Z","level":"info","message":"CSV saved","filename":"data\\match_258891.csv","records":1}
{"timestamp":"2026-07-13T16:40:51.394Z","level":"info","message":"CSV saved","filename":"data\\match_258891.csv","records":1}
{"timestamp":"2026-07-13T16:41:01.398Z","level":"info","message":"CSV saved","filename":"data\\match_258891.csv","records":1}
{"timestamp":"2026-07-13T16:41:11.405Z","level":"info","message":"CSV saved","filename":"data\\match_258891.csv","records":1}
{"timestamp":"2026-07-13T16:41:17.501Z","level":"info","message":"JSON saved","filename":"data\\match_258891.json"}
{"timestamp":"2026-07-13T16:41:17.504Z","level":"info","message":"Analysis saved","filename":"data\\analysis_258891.json"}
{"timestamp":"2026-07-13T16:41:21.419Z","level":"info","message":"CSV saved","filename":"data\\match_258891.csv","records":1}
{"timestamp":"2026-07-13T16:41:31.419Z","level":"info","message":"CSV saved","filename":"data\\match_258891.csv","records":1}
{"timestamp":"2026-07-13T16:41:41.433Z","level":"info","message":"CSV saved","filename":"data\\match_258891.csv","records":1}
{"timestamp":"2026-07-13T16:41:51.435Z","level":"info","message":"CSV saved","filename":"data\\match_258891.csv","records":1}
{"timestamp":"2026-07-13T16:42:01.449Z","level":"info","message":"CSV saved","filename":"data\\match_258891.csv","records":1}
{"timestamp":"2026-07-13T16:42:11.460Z","level":"info","message":"CSV saved","filename":"data\\match_258891.csv","records":1}
{"timestamp":"2026-07-13T16:42:17.511Z","level":"info","message":"JSON saved","filename":"data\\match_258891.json"}
{"timestamp":"2026-07-13T16:42:17.512Z","level":"info","message":"Analysis saved","filename":"data\\analysis_258891.json"}
{"timestamp":"2026-07-13T16:42:21.463Z","level":"info","message":"CSV saved","filename":"data\\match_258891.csv","records":1}
{"timestamp":"2026-07-13T16:42:31.461Z","level":"info","message":"CSV saved","filename":"data\\match_258891.csv","records":1}
{"timestamp":"2026-07-13T16:42:41.464Z","level":"info","message":"CSV saved","filename":"data\\match_258891.csv","records":1}
{"timestamp":"2026-07-13T16:42:51.469Z","level":"info","message":"CSV saved","filename":"data\\match_258891.csv","records":1}
{"timestamp":"2026-07-13T16:43:01.479Z","level":"info","message":"CSV saved","filename":"data\\match_258891.csv","records":1}
{"timestamp":"2026-07-13T16:43:11.491Z","level":"info","message":"CSV saved","filename":"data\\match_258891.csv","records":1}
{"timestamp":"2026-07-13T16:43:17.525Z","level":"info","message":"JSON saved","filename":"data\\match_258891.json"}
{"timestamp":"2026-07-13T16:43:17.526Z","level":"info","message":"Analysis saved","filename":"data\\analysis_258891.json"}
{"timestamp":"2026-07-13T16:43:21.502Z","level":"info","message":"CSV saved","filename":"data\\match_258891.csv","records":1}
{"timestamp":"2026-07-13T16:43:31.508Z","level":"info","message":"CSV saved","filename":"data\\match_258891.csv","records":1}
{"timestamp":"2026-07-13T16:43:41.526Z","level":"info","message":"CSV saved","filename":"data\\match_258891.csv","records":1}
{"timestamp":"2026-07-13T16:43:51.533Z","level":"info","message":"CSV saved","filename":"data\\match_258891.csv","records":1}
{"timestamp":"2026-07-13T16:44:01.543Z","level":"info","message":"CSV saved","filename":"data\\match_258891.csv","records":1}
{"timestamp":"2026-07-13T16:44:11.549Z","level":"info","message":"CSV saved","filename":"data\\match_258891.csv","records":1}
{"timestamp":"2026-07-13T16:44:17.529Z","level":"info","message":"JSON saved","filename":"data\\match_258891.json"}
{"timestamp":"2026-07-13T16:44:17.530Z","level":"info","message":"Analysis saved","filename":"data\\analysis_258891.json"}
{"timestamp":"2026-07-13T16:44:21.554Z","level":"info","message":"CSV saved","filename":"data\\match_258891.csv","records":1}
{"timestamp":"2026-07-13T16:44:31.558Z","level":"info","message":"CSV saved","filename":"data\\match_258891.csv","records":1}
{"timestamp":"2026-07-13T16:44:41.567Z","level":"info","message":"CSV saved","filename":"data\\match_258891.csv","records":1}
{"timestamp":"2026-07-13T16:44:51.569Z","level":"info","message":"CSV saved","filename":"data\\match_258891.csv","records":1}
{"timestamp":"2026-07-13T16:45:01.576Z","level":"info","message":"CSV saved","filename":"data\\match_258891.csv","records":1}
{"timestamp":"2026-07-13T16:45:11.582Z","level":"info","message":"CSV saved","filename":"data\\match_258891.csv","records":1}
{"timestamp":"2026-07-13T16:45:17.541Z","level":"info","message":"JSON saved","filename":"data\\match_258891.json"}
{"timestamp":"2026-07-13T16:45:17.543Z","level":"info","message":"Analysis saved","filename":"data\\analysis_258891.json"}
{"timestamp":"2026-07-13T16:45:21.582Z","level":"info","message":"CSV saved","filename":"data\\match_258891.csv","records":1}
{"timestamp":"2026-07-13T16:45:31.596Z","level":"info","message":"CSV saved","filename":"data\\match_258891.csv","records":1}
{"timestamp":"2026-07-13T16:45:41.603Z","level":"info","message":"CSV saved","filename":"data\\match_258891.csv","records":1}
{"timestamp":"2026-07-13T16:45:51.617Z","level":"info","message":"CSV saved","filename":"data\\match_258891.csv","records":1}
{"timestamp":"2026-07-13T16:46:01.630Z","level":"info","message":"CSV saved","filename":"data\\match_258891.csv","records":1}
{"timestamp":"2026-07-13T16:46:11.634Z","level":"info","message":"CSV saved","filename":"data\\match_258891.csv","records":1}
{"timestamp":"2026-07-13T16:46:17.556Z","level":"info","message":"JSON saved","filename":"data\\match_258891.json"}
{"timestamp":"2026-07-13T16:46:17.557Z","level":"info","message":"Analysis saved","filename":"data\\analysis_258891.json"}
{"timestamp":"2026-07-13T16:46:21.648Z","level":"info","message":"CSV saved","filename":"data\\match_258891.csv","records":1}
{"timestamp":"2026-07-13T16:46:31.656Z","level":"info","message":"CSV saved","filename":"data\\match_258891.csv","records":1}
{"timestamp":"2026-07-13T16:46:41.670Z","level":"info","message":"CSV saved","filename":"data\\match_258891.csv","records":1}
{"timestamp":"2026-07-13T16:46:51.675Z","level":"info","message":"CSV saved","filename":"data\\match_258891.csv","records":1}
{"timestamp":"2026-07-13T16:47:01.678Z","level":"info","message":"CSV saved","filename":"data\\match_258891.csv","records":1}
{"timestamp":"2026-07-13T16:47:11.683Z","level":"info","message":"CSV saved","filename":"data\\match_258891.csv","records":1}
{"timestamp":"2026-07-13T16:47:17.569Z","level":"info","message":"JSON saved","filename":"data\\match_258891.json"}
{"timestamp":"2026-07-13T16:47:17.571Z","level":"info","message":"Analysis saved","filename":"data\\analysis_258891.json"}
{"timestamp":"2026-07-13T16:47:21.684Z","level":"info","message":"CSV saved","filename":"data\\match_258891.csv","records":1}
{"timestamp":"2026-07-13T16:47:31.697Z","level":"info","message":"CSV saved","filename":"data\\match_258891.csv","records":1}
{"timestamp":"2026-07-13T16:47:41.700Z","level":"info","message":"CSV saved","filename":"data\\match_258891.csv","records":1}
{"timestamp":"2026-07-13T16:47:51.705Z","level":"info","message":"CSV saved","filename":"data\\match_258891.csv","records":1}
{"timestamp":"2026-07-13T16:48:01.715Z","level":"info","message":"CSV saved","filename":"data\\match_258891.csv","records":1}
{"timestamp":"2026-07-13T16:48:11.725Z","level":"info","message":"CSV saved","filename":"data\\match_258891.csv","records":1}
{"timestamp":"2026-07-13T16:48:17.568Z","level":"info","message":"JSON saved","filename":"data\\match_258891.json"}
{"timestamp":"2026-07-13T16:48:17.570Z","level":"info","message":"Analysis saved","filename":"data\\analysis_258891.json"}
{"timestamp":"2026-07-13T16:48:21.731Z","level":"info","message":"CSV saved","filename":"data\\match_258891.csv","records":1}
{"timestamp":"2026-07-13T16:48:31.745Z","level":"info","message":"CSV saved","filename":"data\\match_258891.csv","records":1}
{"timestamp":"2026-07-13T16:48:41.760Z","level":"info","message":"CSV saved","filename":"data\\match_258891.csv","records":1}
{"timestamp":"2026-07-13T16:48:51.763Z","level":"info","message":"CSV saved","filename":"data\\match_258891.csv","records":1}
{"timestamp":"2026-07-13T16:49:01.765Z","level":"info","message":"CSV saved","filename":"data\\match_258891.csv","records":1}
{"timestamp":"2026-07-13T16:49:11.780Z","level":"info","message":"CSV saved","filename":"data\\match_258891.csv","records":1}
{"timestamp":"2026-07-13T16:49:17.572Z","level":"info","message":"JSON saved","filename":"data\\match_258891.json"}
{"timestamp":"2026-07-13T16:49:17.574Z","level":"info","message":"Analysis saved","filename":"data\\analysis_258891.json"}
{"timestamp":"2026-07-13T16:49:21.785Z","level":"info","message":"CSV saved","filename":"data\\match_258891.csv","records":1}
{"timestamp":"2026-07-13T16:49:31.793Z","level":"info","message":"CSV saved","filename":"data\\match_258891.csv","records":1}
{"timestamp":"2026-07-13T16:49:41.801Z","level":"info","message":"CSV saved","filename":"data\\match_258891.csv","records":1}
{"timestamp":"2026-07-13T16:49:51.813Z","level":"info","message":"CSV saved","filename":"data\\match_258891.csv","records":1}
{"timestamp":"2026-07-13T16:50:01.813Z","level":"info","message":"CSV saved","filename":"data\\match_258891.csv","records":1}
{"timestamp":"2026-07-13T16:50:11.817Z","level":"info","message":"CSV saved","filename":"data\\match_258891.csv","records":1}
{"timestamp":"2026-07-13T16:50:17.573Z","level":"info","message":"JSON saved","filename":"data\\match_258891.json"}
{"timestamp":"2026-07-13T16:50:17.574Z","level":"info","message":"Analysis saved","filename":"data\\analysis_258891.json"}
{"timestamp":"2026-07-13T16:50:21.824Z","level":"info","message":"CSV saved","filename":"data\\match_258891.csv","records":1}
{"timestamp":"2026-07-13T16:50:31.838Z","level":"info","message":"CSV saved","filename":"data\\match_258891.csv","records":1}
{"timestamp":"2026-07-13T16:50:41.848Z","level":"info","message":"CSV saved","filename":"data\\match_258891.csv","records":1}
{"timestamp":"2026-07-13T16:50:51.848Z","level":"info","message":"CSV saved","filename":"data\\match_258891.csv","records":1}
{"timestamp":"2026-07-13T16:51:02.702Z","level":"info","message":"CSV saved","filename":"data\\match_258891.csv","records":1}
{"timestamp":"2026-07-13T16:51:11.859Z","level":"info","message":"CSV saved","filename":"data\\match_258891.csv","records":1}
{"timestamp":"2026-07-13T16:51:17.582Z","level":"info","message":"JSON saved","filename":"data\\match_258891.json"}
{"timestamp":"2026-07-13T16:51:17.583Z","level":"info","message":"Analysis saved","filename":"data\\analysis_258891.json"}
{"timestamp":"2026-07-13T16:51:21.870Z","level":"info","message":"CSV saved","filename":"data\\match_258891.csv","records":1}
{"timestamp":"2026-07-13T16:51:31.875Z","level":"info","message":"CSV saved","filename":"data\\match_258891.csv","records":1}
{"timestamp":"2026-07-13T16:51:41.879Z","level":"info","message":"CSV saved","filename":"data\\match_258891.csv","records":1}
{"timestamp":"2026-07-13T16:51:51.893Z","level":"info","message":"CSV saved","filename":"data\\match_258891.csv","records":1}
{"timestamp":"2026-07-13T16:52:01.893Z","level":"info","message":"CSV saved","filename":"data\\match_258891.csv","records":1}
{"timestamp":"2026-07-13T16:52:11.901Z","level":"info","message":"CSV saved","filename":"data\\match_258891.csv","records":1}
{"timestamp":"2026-07-13T16:52:17.594Z","level":"info","message":"JSON saved","filename":"data\\match_258891.json"}
{"timestamp":"2026-07-13T16:52:17.596Z","level":"info","message":"Analysis saved","filename":"data\\analysis_258891.json"}
{"timestamp":"2026-07-13T16:52:21.913Z","level":"info","message":"CSV saved","filename":"data\\match_258891.csv","records":1}
{"timestamp":"2026-07-13T16:52:31.919Z","level":"info","message":"CSV saved","filename":"data\\match_258891.csv","records":1}
{"timestamp":"2026-07-13T16:52:41.924Z","level":"info","message":"CSV saved","filename":"data\\match_258891.csv","records":1}
{"timestamp":"2026-07-13T16:52:51.929Z","level":"info","message":"CSV saved","filename":"data\\match_258891.csv","records":1}
{"timestamp":"2026-07-13T16:53:01.935Z","level":"info","message":"CSV saved","filename":"data\\match_258891.csv","records":1}
{"timestamp":"2026-07-13T16:53:11.937Z","level":"info","message":"CSV saved","filename":"data\\match_258891.csv","records":1}
{"timestamp":"2026-07-13T16:53:17.607Z","level":"info","message":"JSON saved","filename":"data\\match_258891.json"}
{"timestamp":"2026-07-13T16:53:17.608Z","level":"info","message":"Analysis saved","filename":"data\\analysis_258891.json"}
{"timestamp":"2026-07-13T16:53:21.952Z","level":"info","message":"CSV saved","filename":"data\\match_258891.csv","records":1}
{"timestamp":"2026-07-13T16:53:31.956Z","level":"info","message":"CSV saved","filename":"data\\match_258891.csv","records":1}
{"timestamp":"2026-07-13T16:53:41.959Z","level":"info","message":"CSV saved","filename":"data\\match_258891.csv","records":1}
{"timestamp":"2026-07-13T16:53:51.973Z","level":"info","message":"CSV saved","filename":"data\\match_258891.csv","records":1}
{"timestamp":"2026-07-13T16:54:01.979Z","level":"info","message":"CSV saved","filename":"data\\match_258891.csv","records":1}
{"timestamp":"2026-07-13T16:54:11.990Z","level":"info","message":"CSV saved","filename":"data\\match_258891.csv","records":1}
{"timestamp":"2026-07-13T16:54:17.618Z","level":"info","message":"JSON saved","filename":"data\\match_258891.json"}
{"timestamp":"2026-07-13T16:54:17.620Z","level":"info","message":"Analysis saved","filename":"data\\analysis_258891.json"}
{"timestamp":"2026-07-13T16:54:21.992Z","level":"info","message":"CSV saved","filename":"data\\match_258891.csv","records":1}
{"timestamp":"2026-07-13T16:54:31.998Z","level":"info","message":"CSV saved","filename":"data\\match_258891.csv","records":1}
{"timestamp":"2026-07-13T16:54:42.008Z","level":"info","message":"CSV saved","filename":"data\\match_258891.csv","records":1}
{"timestamp":"2026-07-13T16:54:52.014Z","level":"info","message":"CSV saved","filename":"data\\match_258891.csv","records":1}
{"timestamp":"2026-07-13T16:55:02.024Z","level":"info","message":"CSV saved","filename":"data\\match_258891.csv","records":1}
{"timestamp":"2026-07-13T16:55:12.026Z","level":"info","message":"CSV saved","filename":"data\\match_258891.csv","records":1}
{"timestamp":"2026-07-13T16:55:17.620Z","level":"info","message":"JSON saved","filename":"data\\match_258891.json"}
{"timestamp":"2026-07-13T16:55:17.623Z","level":"info","message":"Analysis saved","filename":"data\\analysis_258891.json"}
{"timestamp":"2026-07-13T16:55:22.042Z","level":"info","message":"CSV saved","filename":"data\\match_258891.csv","records":1}
{"timestamp":"2026-07-13T16:55:32.045Z","level":"info","message":"CSV saved","filename":"data\\match_258891.csv","records":1}
{"timestamp":"2026-07-13T16:55:42.129Z","level":"info","message":"CSV saved","filename":"data\\match_258891.csv","records":1}
{"timestamp":"2026-07-13T16:55:52.128Z","level":"info","message":"CSV saved","filename":"data\\match_258891.csv","records":1}
{"timestamp":"2026-07-13T16:56:02.144Z","level":"info","message":"CSV saved","filename":"data\\match_258891.csv","records":1}
{"timestamp":"2026-07-13T16:56:12.144Z","level":"info","message":"CSV saved","filename":"data\\match_258891.csv","records":1}
{"timestamp":"2026-07-13T16:56:17.628Z","level":"info","message":"JSON saved","filename":"data\\match_258891.json"}
{"timestamp":"2026-07-13T16:56:17.634Z","level":"info","message":"Analysis saved","filename":"data\\analysis_258891.json"}
{"timestamp":"2026-07-13T16:56:22.157Z","level":"info","message":"CSV saved","filename":"data\\match_258891.csv","records":1}
{"timestamp":"2026-07-13T16:56:32.171Z","level":"info","message":"CSV saved","filename":"data\\match_258891.csv","records":1}
{"timestamp":"2026-07-13T16:56:42.178Z","level":"info","message":"CSV saved","filename":"data\\match_258891.csv","records":1}
{"timestamp":"2026-07-13T16:56:52.193Z","level":"info","message":"CSV saved","filename":"data\\match_258891.csv","records":1}
{"timestamp":"2026-07-13T16:57:02.203Z","level":"info","message":"CSV saved","filename":"data\\match_258891.csv","records":1}
{"timestamp":"2026-07-13T16:57:12.207Z","level":"info","message":"CSV saved","filename":"data\\match_258891.csv","records":1}
{"timestamp":"2026-07-13T16:57:17.631Z","level":"info","message":"JSON saved","filename":"data\\match_258891.json"}
{"timestamp":"2026-07-13T16:57:17.636Z","level":"info","message":"Analysis saved","filename":"data\\analysis_258891.json"}
{"timestamp":"2026-07-13T16:57:22.221Z","level":"info","message":"CSV saved","filename":"data\\match_258891.csv","records":1}
{"timestamp":"2026-07-13T16:57:32.414Z","level":"info","message":"CSV saved","filename":"data\\match_258891.csv","records":1}
{"timestamp":"2026-07-13T16:57:42.291Z","level":"info","message":"CSV saved","filename":"data\\match_258891.csv","records":1}
{"timestamp":"2026-07-13T16:57:52.358Z","level":"info","message":"CSV saved","filename":"data\\match_258891.csv","records":1}
{"timestamp":"2026-07-13T16:58:02.349Z","level":"info","message":"CSV saved","filename":"data\\match_258891.csv","records":1}
{"timestamp":"2026-07-13T16:58:12.360Z","level":"info","message":"CSV saved","filename":"data\\match_258891.csv","records":1}
{"timestamp":"2026-07-13T16:58:17.645Z","level":"info","message":"JSON saved","filename":"data\\match_258891.json"}
{"timestamp":"2026-07-13T16:58:17.648Z","level":"info","message":"Analysis saved","filename":"data\\analysis_258891.json"}
{"timestamp":"2026-07-13T16:58:22.374Z","level":"info","message":"CSV saved","filename":"data\\match_258891.csv","records":1}
{"timestamp":"2026-07-13T16:58:32.380Z","level":"info","message":"CSV saved","filename":"data\\match_258891.csv","records":1}
{"timestamp":"2026-07-13T16:58:42.443Z","level":"info","message":"CSV saved","filename":"data\\match_258891.csv","records":1}
{"timestamp":"2026-07-13T16:58:52.447Z","level":"info","message":"CSV saved","filename":"data\\match_258891.csv","records":1}
{"timestamp":"2026-07-13T16:59:02.420Z","level":"info","message":"CSV saved","filename":"data\\match_258891.csv","records":1}
{"timestamp":"2026-07-13T16:59:12.472Z","level":"info","message":"CSV saved","filename":"data\\match_258891.csv","records":1}
{"timestamp":"2026-07-13T16:59:17.656Z","level":"info","message":"JSON saved","filename":"data\\match_258891.json"}
{"timestamp":"2026-07-13T16:59:17.658Z","level":"info","message":"Analysis saved","filename":"data\\analysis_258891.json"}
{"timestamp":"2026-07-13T16:59:22.461Z","level":"info","message":"CSV saved","filename":"data\\match_258891.csv","records":1}
{"timestamp":"2026-07-13T16:59:32.471Z","level":"info","message":"CSV saved","filename":"data\\match_258891.csv","records":1}
{"timestamp":"2026-07-13T16:59:42.498Z","level":"info","message":"CSV saved","filename":"data\\match_258891.csv","records":1}
{"timestamp":"2026-07-13T16:59:52.501Z","level":"info","message":"CSV saved","filename":"data\\match_258891.csv","records":1}
{"timestamp":"2026-07-13T17:00:02.501Z","level":"info","message":"CSV saved","filename":"data\\match_258891.csv","records":1}
{"timestamp":"2026-07-13T17:00:12.504Z","level":"info","message":"CSV saved","filename":"data\\match_258891.csv","records":1}
{"timestamp":"2026-07-13T17:00:17.721Z","level":"info","message":"JSON saved","filename":"data\\match_258891.json"}
{"timestamp":"2026-07-13T17:00:17.726Z","level":"info","message":"Analysis saved","filename":"data\\analysis_258891.json"}
{"timestamp":"2026-07-13T17:00:22.509Z","level":"info","message":"CSV saved","filename":"data\\match_258891.csv","records":1}
{"timestamp":"2026-07-13T17:00:32.576Z","level":"info","message":"CSV saved","filename":"data\\match_258891.csv","records":1}
{"timestamp":"2026-07-13T17:00:42.548Z","level":"info","message":"CSV saved","filename":"data\\match_258891.csv","records":1}
{"timestamp":"2026-07-13T17:00:52.555Z","level":"info","message":"CSV saved","filename":"data\\match_258891.csv","records":1}
{"timestamp":"2026-07-13T17:01:02.559Z","level":"info","message":"CSV saved","filename":"data\\match_258891.csv","records":1}
{"timestamp":"2026-07-13T17:01:12.560Z","level":"info","message":"CSV saved","filename":"data\\match_258891.csv","records":1}
{"timestamp":"2026-07-13T17:01:17.708Z","level":"info","message":"JSON saved","filename":"data\\match_258891.json"}
{"timestamp":"2026-07-13T17:01:17.710Z","level":"info","message":"Analysis saved","filename":"data\\analysis_258891.json"}
{"timestamp":"2026-07-13T17:01:22.563Z","level":"info","message":"CSV saved","filename":"data\\match_258891.csv","records":1}
{"timestamp":"2026-07-13T17:01:32.568Z","level":"info","message":"CSV saved","filename":"data\\match_258891.csv","records":1}
{"timestamp":"2026-07-13T17:01:42.577Z","level":"info","message":"CSV saved","filename":"data\\match_258891.csv","records":1}
{"timestamp":"2026-07-13T17:01:52.589Z","level":"info","message":"CSV saved","filename":"data\\match_258891.csv","records":1}
{"timestamp":"2026-07-13T17:02:02.596Z","level":"info","message":"CSV saved","filename":"data\\match_258891.csv","records":1}
{"timestamp":"2026-07-13T17:02:12.611Z","level":"info","message":"CSV saved","filename":"data\\match_258891.csv","records":1}
{"timestamp":"2026-07-13T17:02:17.717Z","level":"info","message":"JSON saved","filename":"data\\match_258891.json"}
{"timestamp":"2026-07-13T17:02:17.718Z","level":"info","message":"Analysis saved","filename":"data\\analysis_258891.json"}
{"timestamp":"2026-07-13T17:02:22.621Z","level":"info","message":"CSV saved","filename":"data\\match_258891.csv","records":1}
{"timestamp":"2026-07-13T17:02:32.636Z","level":"info","message":"CSV saved","filename":"data\\match_258891.csv","records":1}
{"timestamp":"2026-07-13T17:02:42.637Z","level":"info","message":"CSV saved","filename":"data\\match_258891.csv","records":1}
{"timestamp":"2026-07-13T17:02:52.645Z","level":"info","message":"CSV saved","filename":"data\\match_258891.csv","records":1}
{"timestamp":"2026-07-13T17:03:02.658Z","level":"info","message":"CSV saved","filename":"data\\match_258891.csv","records":1}
{"timestamp":"2026-07-13T17:03:12.660Z","level":"info","message":"CSV saved","filename":"data\\match_258891.csv","records":1}
{"timestamp":"2026-07-13T17:03:17.721Z","level":"info","message":"JSON saved","filename":"data\\match_258891.json"}
{"timestamp":"2026-07-13T17:03:17.724Z","level":"info","message":"Analysis saved","filename":"data\\analysis_258891.json"}
{"timestamp":"2026-07-13T17:03:22.675Z","level":"info","message":"CSV saved","filename":"data\\match_258891.csv","records":1}
{"timestamp":"2026-07-13T17:03:32.690Z","level":"info","message":"CSV saved","filename":"data\\match_258891.csv","records":1}
{"timestamp":"2026-07-13T17:03:42.698Z","level":"info","message":"CSV saved","filename":"data\\match_258891.csv","records":1}
{"timestamp":"2026-07-13T17:03:52.707Z","level":"info","message":"CSV saved","filename":"data\\match_258891.csv","records":1}
{"timestamp":"2026-07-13T17:04:02.718Z","level":"info","message":"CSV saved","filename":"data\\match_258891.csv","records":1}
{"timestamp":"2026-07-13T17:04:12.721Z","level":"info","message":"CSV saved","filename":"data\\match_258891.csv","records":1}
{"timestamp":"2026-07-13T17:04:17.727Z","level":"info","message":"JSON saved","filename":"data\\match_258891.json"}
{"timestamp":"2026-07-13T17:04:17.729Z","level":"info","message":"Analysis saved","filename":"data\\analysis_258891.json"}
{"timestamp":"2026-07-13T17:04:22.723Z","level":"info","message":"CSV saved","filename":"data\\match_258891.csv","records":1}
{"timestamp":"2026-07-13T17:04:32.738Z","level":"info","message":"CSV saved","filename":"data\\match_258891.csv","records":1}
{"timestamp":"2026-07-13T17:04:42.757Z","level":"info","message":"CSV saved","filename":"data\\match_258891.csv","records":1}
{"timestamp":"2026-07-13T17:04:52.767Z","level":"info","message":"CSV saved","filename":"data\\match_258891.csv","records":1}
{"timestamp":"2026-07-13T17:05:02.776Z","level":"info","message":"CSV saved","filename":"data\\match_258891.csv","records":1}
{"timestamp":"2026-07-13T17:05:12.785Z","level":"info","message":"CSV saved","filename":"data\\match_258891.csv","records":1}
{"timestamp":"2026-07-13T17:05:17.741Z","level":"info","message":"JSON saved","filename":"data\\match_258891.json"}
{"timestamp":"2026-07-13T17:05:17.801Z","level":"info","message":"Analysis saved","filename":"data\\analysis_258891.json"}
{"timestamp":"2026-07-13T17:05:22.794Z","level":"info","message":"CSV saved","filename":"data\\match_258891.csv","records":1}
{"timestamp":"2026-07-13T17:05:32.808Z","level":"info","message":"CSV saved","filename":"data\\match_258891.csv","records":1}
{"timestamp":"2026-07-13T17:05:42.822Z","level":"info","message":"CSV saved","filename":"data\\match_258891.csv","records":1}
{"timestamp":"2026-07-13T17:05:52.941Z","level":"info","message":"CSV saved","filename":"data\\match_258891.csv","records":1}
{"timestamp":"2026-07-13T17:06:02.918Z","level":"info","message":"CSV saved","filename":"data\\match_258891.csv","records":1}
{"timestamp":"2026-07-13T17:06:12.935Z","level":"info","message":"CSV saved","filename":"data\\match_258891.csv","records":1}
{"timestamp":"2026-07-13T17:06:17.756Z","level":"info","message":"JSON saved","filename":"data\\match_258891.json"}
{"timestamp":"2026-07-13T17:06:17.758Z","level":"info","message":"Analysis saved","filename":"data\\analysis_258891.json"}
{"timestamp":"2026-07-13T17:06:22.948Z","level":"info","message":"CSV saved","filename":"data\\match_258891.csv","records":1}
{"timestamp":"2026-07-13T17:06:32.958Z","level":"info","message":"CSV saved","filename":"data\\match_258891.csv","records":1}
{"timestamp":"2026-07-13T17:06:42.965Z","level":"info","message":"CSV saved","filename":"data\\match_258891.csv","records":1}
{"timestamp":"2026-07-13T17:06:52.979Z","level":"info","message":"CSV saved","filename":"data\\match_258891.csv","records":1}
{"timestamp":"2026-07-13T17:07:02.989Z","level":"info","message":"CSV saved","filename":"data\\match_258891.csv","records":1}
{"timestamp":"2026-07-13T17:07:13.004Z","level":"info","message":"CSV saved","filename":"data\\match_258891.csv","records":1}
{"timestamp":"2026-07-13T17:07:17.770Z","level":"info","message":"JSON saved","filename":"data\\match_258891.json"}
{"timestamp":"2026-07-13T17:07:17.775Z","level":"info","message":"Analysis saved","filename":"data\\analysis_258891.json"}
{"timestamp":"2026-07-13T17:07:23.343Z","level":"info","message":"CSV saved","filename":"data\\match_258891.csv","records":1}
{"timestamp":"2026-07-13T17:07:33.057Z","level":"info","message":"CSV saved","filename":"data\\match_258891.csv","records":1}
{"timestamp":"2026-07-13T17:07:43.069Z","level":"info","message":"CSV saved","filename":"data\\match_258891.csv","records":1}
{"timestamp":"2026-07-13T17:07:53.084Z","level":"info","message":"CSV saved","filename":"data\\match_258891.csv","records":1}
{"timestamp":"2026-07-13T17:08:03.085Z","level":"info","message":"CSV saved","filename":"data\\match_258891.csv","records":1}
{"timestamp":"2026-07-13T17:08:13.092Z","level":"info","message":"CSV saved","filename":"data\\match_258891.csv","records":1}
{"timestamp":"2026-07-13T17:08:18.008Z","level":"info","message":"JSON saved","filename":"data\\match_258891.json"}
{"timestamp":"2026-07-13T17:08:18.046Z","level":"info","message":"Analysis saved","filename":"data\\analysis_258891.json"}
{"timestamp":"2026-07-13T17:08:23.112Z","level":"info","message":"CSV saved","filename":"data\\match_258891.csv","records":1}
{"timestamp":"2026-07-13T17:08:33.148Z","level":"info","message":"CSV saved","filename":"data\\match_258891.csv","records":1}
{"timestamp":"2026-07-13T17:08:43.122Z","level":"info","message":"CSV saved","filename":"data\\match_258891.csv","records":1}
{"timestamp":"2026-07-13T17:08:53.124Z","level":"info","message":"CSV saved","filename":"data\\match_258891.csv","records":1}
{"timestamp":"2026-07-13T17:09:03.129Z","level":"info","message":"CSV saved","filename":"data\\match_258891.csv","records":1}
{"timestamp":"2026-07-13T17:09:13.137Z","level":"info","message":"CSV saved","filename":"data\\match_258891.csv","records":1}
{"timestamp":"2026-07-13T17:09:17.936Z","level":"info","message":"JSON saved","filename":"data\\match_258891.json"}
{"timestamp":"2026-07-13T17:09:17.941Z","level":"info","message":"Analysis saved","filename":"data\\analysis_258891.json"}
{"timestamp":"2026-07-13T17:09:23.146Z","level":"info","message":"CSV saved","filename":"data\\match_258891.csv","records":1}
{"timestamp":"2026-07-13T17:09:33.153Z","level":"info","message":"CSV saved","filename":"data\\match_258891.csv","records":1}
{"timestamp":"2026-07-13T17:09:43.151Z","level":"info","message":"CSV saved","filename":"data\\match_258891.csv","records":1}
{"timestamp":"2026-07-13T17:09:53.161Z","level":"info","message":"CSV saved","filename":"data\\match_258891.csv","records":1}
{"timestamp":"2026-07-13T17:10:03.160Z","level":"info","message":"CSV saved","filename":"data\\match_258891.csv","records":1}
{"timestamp":"2026-07-13T17:10:13.171Z","level":"info","message":"CSV saved","filename":"data\\match_258891.csv","records":1}
{"timestamp":"2026-07-13T17:10:17.940Z","level":"info","message":"JSON saved","filename":"data\\match_258891.json"}
{"timestamp":"2026-07-13T17:10:17.941Z","level":"info","message":"Analysis saved","filename":"data\\analysis_258891.json"}
{"timestamp":"2026-07-13T17:10:23.187Z","level":"info","message":"CSV saved","filename":"data\\match_258891.csv","records":1}
{"timestamp":"2026-07-13T17:10:33.188Z","level":"info","message":"CSV saved","filename":"data\\match_258891.csv","records":1}
{"timestamp":"2026-07-13T17:10:43.191Z","level":"info","message":"CSV saved","filename":"data\\match_258891.csv","records":1}
{"timestamp":"2026-07-13T17:10:53.204Z","level":"info","message":"CSV saved","filename":"data\\match_258891.csv","records":1}
{"timestamp":"2026-07-13T17:11:03.214Z","level":"info","message":"CSV saved","filename":"data\\match_258891.csv","records":1}
{"timestamp":"2026-07-13T17:11:13.236Z","level":"info","message":"CSV saved","filename":"data\\match_258891.csv","records":1}
{"timestamp":"2026-07-13T17:11:17.947Z","level":"info","message":"JSON saved","filename":"data\\match_258891.json"}
{"timestamp":"2026-07-13T17:11:17.949Z","level":"info","message":"Analysis saved","filename":"data\\analysis_258891.json"}
{"timestamp":"2026-07-13T17:11:23.246Z","level":"info","message":"CSV saved","filename":"data\\match_258891.csv","records":1}
{"timestamp":"2026-07-13T17:11:33.261Z","level":"info","message":"CSV saved","filename":"data\\match_258891.csv","records":1}
{"timestamp":"2026-07-13T17:11:43.276Z","level":"info","message":"CSV saved","filename":"data\\match_258891.csv","records":1}
{"timestamp":"2026-07-13T17:11:53.274Z","level":"info","message":"CSV saved","filename":"data\\match_258891.csv","records":1}
{"timestamp":"2026-07-13T17:12:03.282Z","level":"info","message":"CSV saved","filename":"data\\match_258891.csv","records":1}
{"timestamp":"2026-07-13T17:12:13.300Z","level":"info","message":"CSV saved","filename":"data\\match_258891.csv","records":1}
{"timestamp":"2026-07-13T17:12:17.962Z","level":"info","message":"JSON saved","filename":"data\\match_258891.json"}
{"timestamp":"2026-07-13T17:12:17.971Z","level":"info","message":"Analysis saved","filename":"data\\analysis_258891.json"}
{"timestamp":"2026-07-13T17:12:23.307Z","level":"info","message":"CSV saved","filename":"data\\match_258891.csv","records":1}
{"timestamp":"2026-07-13T17:12:33.320Z","level":"info","message":"CSV saved","filename":"data\\match_258891.csv","records":1}
{"timestamp":"2026-07-13T17:12:43.328Z","level":"info","message":"CSV saved","filename":"data\\match_258891.csv","records":1}
{"timestamp":"2026-07-13T17:12:53.381Z","level":"info","message":"CSV saved","filename":"data\\match_258891.csv","records":1}
{"timestamp":"2026-07-13T17:13:03.365Z","level":"info","message":"CSV saved","filename":"data\\match_258891.csv","records":1}
{"timestamp":"2026-07-13T17:13:13.365Z","level":"info","message":"CSV saved","filename":"data\\match_258891.csv","records":1}
{"timestamp":"2026-07-13T17:13:17.969Z","level":"info","message":"JSON saved","filename":"data\\match_258891.json"}
{"timestamp":"2026-07-13T17:13:17.973Z","level":"info","message":"Analysis saved","filename":"data\\analysis_258891.json"}
{"timestamp":"2026-07-13T17:13:23.374Z","level":"info","message":"CSV saved","filename":"data\\match_258891.csv","records":1}
{"timestamp":"2026-07-13T17:13:33.377Z","level":"info","message":"CSV saved","filename":"data\\match_258891.csv","records":1}
{"timestamp":"2026-07-13T17:13:43.553Z","level":"info","message":"CSV saved","filename":"data\\match_258891.csv","records":1}
{"timestamp":"2026-07-13T17:13:53.452Z","level":"info","message":"CSV saved","filename":"data\\match_258891.csv","records":1}
{"timestamp":"2026-07-13T17:14:03.464Z","level":"info","message":"CSV saved","filename":"data\\match_258891.csv","records":1}
{"timestamp":"2026-07-13T17:14:13.470Z","level":"info","message":"CSV saved","filename":"data\\match_258891.csv","records":1}
{"timestamp":"2026-07-13T17:14:17.977Z","level":"info","message":"JSON saved","filename":"data\\match_258891.json"}
{"timestamp":"2026-07-13T17:14:17.983Z","level":"info","message":"Analysis saved","filename":"data\\analysis_258891.json"}
{"timestamp":"2026-07-13T17:14:23.486Z","level":"info","message":"CSV saved","filename":"data\\match_258891.csv","records":1}
{"timestamp":"2026-07-13T17:14:33.491Z","level":"info","message":"CSV saved","filename":"data\\match_258891.csv","records":1}
{"timestamp":"2026-07-13T17:14:43.504Z","level":"info","message":"CSV saved","filename":"data\\match_258891.csv","records":1}
{"timestamp":"2026-07-13T17:14:53.513Z","level":"info","message":"CSV saved","filename":"data\\match_258891.csv","records":1}
{"timestamp":"2026-07-13T17:15:03.522Z","level":"info","message":"CSV saved","filename":"data\\match_258891.csv","records":1}
{"timestamp":"2026-07-13T17:15:13.525Z","level":"info","message":"CSV saved","filename":"data\\match_258891.csv","records":1}
{"timestamp":"2026-07-13T17:15:17.985Z","level":"info","message":"JSON saved","filename":"data\\match_258891.json"}
{"timestamp":"2026-07-13T17:15:17.988Z","level":"info","message":"Analysis saved","filename":"data\\analysis_258891.json"}
{"timestamp":"2026-07-13T17:15:25.507Z","level":"info","message":"CSV saved","filename":"data\\match_258891.csv","records":1}
{"timestamp":"2026-07-13T17:15:33.546Z","level":"info","message":"CSV saved","filename":"data\\match_258891.csv","records":1}
{"timestamp":"2026-07-13T17:15:43.559Z","level":"info","message":"CSV saved","filename":"data\\match_258891.csv","records":1}
{"timestamp":"2026-07-13T17:15:53.559Z","level":"info","message":"CSV saved","filename":"data\\match_258891.csv","records":1}
{"timestamp":"2026-07-13T17:16:03.566Z","level":"info","message":"CSV saved","filename":"data\\match_258891.csv","records":1}
{"timestamp":"2026-07-13T17:16:13.581Z","level":"info","message":"CSV saved","filename":"data\\match_258891.csv","records":1}
{"timestamp":"2026-07-13T17:16:17.997Z","level":"info","message":"JSON saved","filename":"data\\match_258891.json"}
{"timestamp":"2026-07-13T17:16:18.001Z","level":"info","message":"Analysis saved","filename":"data\\analysis_258891.json"}
{"timestamp":"2026-07-13T17:16:23.593Z","level":"info","message":"CSV saved","filename":"data\\match_258891.csv","records":1}
{"timestamp":"2026-07-13T17:16:33.608Z","level":"info","message":"CSV saved","filename":"data\\match_258891.csv","records":1}
{"timestamp":"2026-07-13T17:16:43.619Z","level":"info","message":"CSV saved","filename":"data\\match_258891.csv","records":1}
{"timestamp":"2026-07-13T17:16:53.627Z","level":"info","message":"CSV saved","filename":"data\\match_258891.csv","records":1}
{"timestamp":"2026-07-13T17:17:03.636Z","level":"info","message":"CSV saved","filename":"data\\match_258891.csv","records":1}
{"timestamp":"2026-07-13T17:17:13.637Z","level":"info","message":"CSV saved","filename":"data\\match_258891.csv","records":1}
{"timestamp":"2026-07-13T17:17:18.005Z","level":"info","message":"JSON saved","filename":"data\\match_258891.json"}
{"timestamp":"2026-07-13T17:17:18.008Z","level":"info","message":"Analysis saved","filename":"data\\analysis_258891.json"}
{"timestamp":"2026-07-13T17:17:23.637Z","level":"info","message":"CSV saved","filename":"data\\match_258891.csv","records":1}
{"timestamp":"2026-07-13T17:17:33.649Z","level":"info","message":"CSV saved","filename":"data\\match_258891.csv","records":1}
{"timestamp":"2026-07-13T17:17:43.653Z","level":"info","message":"CSV saved","filename":"data\\match_258891.csv","records":1}
{"timestamp":"2026-07-13T17:17:53.660Z","level":"info","message":"CSV saved","filename":"data\\match_258891.csv","records":1}
{"timestamp":"2026-07-13T17:18:03.668Z","level":"info","message":"CSV saved","filename":"data\\match_258891.csv","records":1}
{"timestamp":"2026-07-13T17:18:13.679Z","level":"info","message":"CSV saved","filename":"data\\match_258891.csv","records":1}
{"timestamp":"2026-07-13T17:18:18.015Z","level":"info","message":"JSON saved","filename":"data\\match_258891.json"}
{"timestamp":"2026-07-13T17:18:18.020Z","level":"info","message":"Analysis saved","filename":"data\\analysis_258891.json"}
{"timestamp":"2026-07-13T17:18:23.691Z","level":"info","message":"CSV saved","filename":"data\\match_258891.csv","records":1}
{"timestamp":"2026-07-13T17:18:33.704Z","level":"info","message":"CSV saved","filename":"data\\match_258891.csv","records":1}
{"timestamp":"2026-07-13T17:18:43.709Z","level":"info","message":"CSV saved","filename":"data\\match_258891.csv","records":1}
{"timestamp":"2026-07-13T17:18:53.716Z","level":"info","message":"CSV saved","filename":"data\\match_258891.csv","records":1}
{"timestamp":"2026-07-13T17:19:03.725Z","level":"info","message":"CSV saved","filename":"data\\match_258891.csv","records":1}
{"timestamp":"2026-07-13T17:19:13.760Z","level":"info","message":"CSV saved","filename":"data\\match_258891.csv","records":1}
{"timestamp":"2026-07-13T17:19:18.028Z","level":"info","message":"JSON saved","filename":"data\\match_258891.json"}
{"timestamp":"2026-07-13T17:19:18.039Z","level":"info","message":"Analysis saved","filename":"data\\analysis_258891.json"}
{"timestamp":"2026-07-13T17:19:23.752Z","level":"info","message":"CSV saved","filename":"data\\match_258891.csv","records":1}
{"timestamp":"2026-07-13T17:19:33.755Z","level":"info","message":"CSV saved","filename":"data\\match_258891.csv","records":1}
{"timestamp":"2026-07-13T17:19:43.778Z","level":"info","message":"CSV saved","filename":"data\\match_258891.csv","records":1}
{"timestamp":"2026-07-13T17:19:53.780Z","level":"info","message":"CSV saved","filename":"data\\match_258891.csv","records":1}
{"timestamp":"2026-07-13T17:20:03.794Z","level":"info","message":"CSV saved","filename":"data\\match_258891.csv","records":1}
{"timestamp":"2026-07-13T17:20:13.798Z","level":"info","message":"CSV saved","filename":"data\\match_258891.csv","records":1}
{"timestamp":"2026-07-13T17:20:18.017Z","level":"info","message":"JSON saved","filename":"data\\match_258891.json"}
{"timestamp":"2026-07-13T17:20:18.019Z","level":"info","message":"Analysis saved","filename":"data\\analysis_258891.json"}
{"timestamp":"2026-07-13T17:20:23.798Z","level":"info","message":"CSV saved","filename":"data\\match_258891.csv","records":1}
{"timestamp":"2026-07-13T17:20:33.807Z","level":"info","message":"CSV saved","filename":"data\\match_258891.csv","records":1}
{"timestamp":"2026-07-13T17:20:43.814Z","level":"info","message":"CSV saved","filename":"data\\match_258891.csv","records":1}
{"timestamp":"2026-07-13T17:20:53.823Z","level":"info","message":"CSV saved","filename":"data\\match_258891.csv","records":1}
{"timestamp":"2026-07-13T17:21:03.831Z","level":"info","message":"CSV saved","filename":"data\\match_258891.csv","records":1}
{"timestamp":"2026-07-13T17:21:13.846Z","level":"info","message":"CSV saved","filename":"data\\match_258891.csv","records":1}
{"timestamp":"2026-07-13T17:21:18.027Z","level":"info","message":"JSON saved","filename":"data\\match_258891.json"}
{"timestamp":"2026-07-13T17:21:18.028Z","level":"info","message":"Analysis saved","filename":"data\\analysis_258891.json"}
{"timestamp":"2026-07-13T17:21:23.846Z","level":"info","message":"CSV saved","filename":"data\\match_258891.csv","records":1}
{"timestamp":"2026-07-13T17:21:33.858Z","level":"info","message":"CSV saved","filename":"data\\match_258891.csv","records":1}
{"timestamp":"2026-07-13T17:21:43.866Z","level":"info","message":"CSV saved","filename":"data\\match_258891.csv","records":1}
{"timestamp":"2026-07-13T17:21:53.879Z","level":"info","message":"CSV saved","filename":"data\\match_258891.csv","records":1}
{"timestamp":"2026-07-13T17:22:03.883Z","level":"info","message":"CSV saved","filename":"data\\match_258891.csv","records":1}
{"timestamp":"2026-07-13T17:22:13.883Z","level":"info","message":"CSV saved","filename":"data\\match_258891.csv","records":1}
{"timestamp":"2026-07-13T17:22:18.031Z","level":"info","message":"JSON saved","filename":"data\\match_258891.json"}
{"timestamp":"2026-07-13T17:22:18.034Z","level":"info","message":"Analysis saved","filename":"data\\analysis_258891.json"}
{"timestamp":"2026-07-13T17:22:23.892Z","level":"info","message":"CSV saved","filename":"data\\match_258891.csv","records":1}
{"timestamp":"2026-07-13T17:22:33.894Z","level":"info","message":"CSV saved","filename":"data\\match_258891.csv","records":1}
{"timestamp":"2026-07-13T17:22:43.897Z","level":"info","message":"CSV saved","filename":"data\\match_258891.csv","records":1}
{"timestamp":"2026-07-13T17:22:53.907Z","level":"info","message":"CSV saved","filename":"data\\match_258891.csv","records":1}
{"timestamp":"2026-07-13T17:23:03.917Z","level":"info","message":"CSV saved","filename":"data\\match_258891.csv","records":1}
{"timestamp":"2026-07-13T17:23:13.915Z","level":"info","message":"CSV saved","filename":"data\\match_258891.csv","records":1}
{"timestamp":"2026-07-13T17:23:18.047Z","level":"info","message":"JSON saved","filename":"data\\match_258891.json"}
{"timestamp":"2026-07-13T17:23:18.050Z","level":"info","message":"Analysis saved","filename":"data\\analysis_258891.json"}
{"timestamp":"2026-07-13T17:23:23.930Z","level":"info","message":"CSV saved","filename":"data\\match_258891.csv","records":1}
{"timestamp":"2026-07-13T17:23:33.942Z","level":"info","message":"CSV saved","filename":"data\\match_258891.csv","records":1}
{"timestamp":"2026-07-13T17:23:43.951Z","level":"info","message":"CSV saved","filename":"data\\match_258891.csv","records":1}
{"timestamp":"2026-07-13T17:23:53.960Z","level":"info","message":"CSV saved","filename":"data\\match_258891.csv","records":1}
{"timestamp":"2026-07-13T17:24:03.969Z","level":"info","message":"CSV saved","filename":"data\\match_258891.csv","records":1}
{"timestamp":"2026-07-13T17:24:13.974Z","level":"info","message":"CSV saved","filename":"data\\match_258891.csv","records":1}
{"timestamp":"2026-07-13T17:24:18.050Z","level":"info","message":"JSON saved","filename":"data\\match_258891.json"}
{"timestamp":"2026-07-13T17:24:18.053Z","level":"info","message":"Analysis saved","filename":"data\\analysis_258891.json"}
{"timestamp":"2026-07-13T17:24:23.985Z","level":"info","message":"CSV saved","filename":"data\\match_258891.csv","records":1}
{"timestamp":"2026-07-13T17:24:33.990Z","level":"info","message":"CSV saved","filename":"data\\match_258891.csv","records":1}
{"timestamp":"2026-07-13T17:24:43.996Z","level":"info","message":"CSV saved","filename":"data\\match_258891.csv","records":1}
{"timestamp":"2026-07-13T17:24:54.001Z","level":"info","message":"CSV saved","filename":"data\\match_258891.csv","records":1}
{"timestamp":"2026-07-13T17:25:04.005Z","level":"info","message":"CSV saved","filename":"data\\match_258891.csv","records":1}
{"timestamp":"2026-07-13T17:25:14.011Z","level":"info","message":"CSV saved","filename":"data\\match_258891.csv","records":1}
{"timestamp":"2026-07-13T17:25:18.058Z","level":"info","message":"JSON saved","filename":"data\\match_258891.json"}
{"timestamp":"2026-07-13T17:25:18.061Z","level":"info","message":"Analysis saved","filename":"data\\analysis_258891.json"}
{"timestamp":"2026-07-13T17:25:24.023Z","level":"info","message":"CSV saved","filename":"data\\match_258891.csv","records":1}
{"timestamp":"2026-07-13T17:25:34.028Z","level":"info","message":"CSV saved","filename":"data\\match_258891.csv","records":1}
{"timestamp":"2026-07-13T17:25:44.043Z","level":"info","message":"CSV saved","filename":"data\\match_258891.csv","records":1}
{"timestamp":"2026-07-13T17:25:54.049Z","level":"info","message":"CSV saved","filename":"data\\match_258891.csv","records":1}
{"timestamp":"2026-07-13T17:26:04.063Z","level":"info","message":"CSV saved","filename":"data\\match_258891.csv","records":1}
{"timestamp":"2026-07-13T17:26:14.074Z","level":"info","message":"CSV saved","filename":"data\\match_258891.csv","records":1}
{"timestamp":"2026-07-13T17:26:18.067Z","level":"info","message":"JSON saved","filename":"data\\match_258891.json"}
{"timestamp":"2026-07-13T17:26:18.070Z","level":"info","message":"Analysis saved","filename":"data\\analysis_258891.json"}
{"timestamp":"2026-07-13T17:26:24.086Z","level":"info","message":"CSV saved","filename":"data\\match_258891.csv","records":1}
{"timestamp":"2026-07-13T17:26:34.084Z","level":"info","message":"CSV saved","filename":"data\\match_258891.csv","records":1}
{"timestamp":"2026-07-13T17:26:44.088Z","level":"info","message":"CSV saved","filename":"data\\match_258891.csv","records":1}
{"timestamp":"2026-07-13T17:26:54.096Z","level":"info","message":"CSV saved","filename":"data\\match_258891.csv","records":1}
{"timestamp":"2026-07-13T17:27:04.162Z","level":"info","message":"CSV saved","filename":"data\\match_258891.csv","records":1}
{"timestamp":"2026-07-13T17:27:14.140Z","level":"info","message":"CSV saved","filename":"data\\match_258891.csv","records":1}
{"timestamp":"2026-07-13T17:27:18.079Z","level":"info","message":"JSON saved","filename":"data\\match_258891.json"}
{"timestamp":"2026-07-13T17:27:18.082Z","level":"info","message":"Analysis saved","filename":"data\\analysis_258891.json"}
{"timestamp":"2026-07-13T17:27:24.144Z","level":"info","message":"CSV saved","filename":"data\\match_258891.csv","records":1}
{"timestamp":"2026-07-13T17:27:34.156Z","level":"info","message":"CSV saved","filename":"data\\match_258891.csv","records":1}
{"timestamp":"2026-07-13T17:27:44.158Z","level":"info","message":"CSV saved","filename":"data\\match_258891.csv","records":1}
{"timestamp":"2026-07-13T17:27:54.172Z","level":"info","message":"CSV saved","filename":"data\\match_258891.csv","records":1}
{"timestamp":"2026-07-13T17:28:04.200Z","level":"info","message":"CSV saved","filename":"data\\match_258891.csv","records":1}
{"timestamp":"2026-07-13T17:28:14.205Z","level":"info","message":"CSV saved","filename":"data\\match_258891.csv","records":1}
{"timestamp":"2026-07-13T17:28:18.095Z","level":"info","message":"JSON saved","filename":"data\\match_258891.json"}
{"timestamp":"2026-07-13T17:28:18.101Z","level":"info","message":"Analysis saved","filename":"data\\analysis_258891.json"}
{"timestamp":"2026-07-13T17:28:24.229Z","level":"info","message":"CSV saved","filename":"data\\match_258891.csv","records":1}
{"timestamp":"2026-07-13T17:28:34.238Z","level":"info","message":"CSV saved","filename":"data\\match_258891.csv","records":1}
{"timestamp":"2026-07-13T17:28:44.240Z","level":"info","message":"CSV saved","filename":"data\\match_258891.csv","records":1}
{"timestamp":"2026-07-13T17:28:54.241Z","level":"info","message":"CSV saved","filename":"data\\match_258891.csv","records":1}
{"timestamp":"2026-07-13T17:29:04.313Z","level":"info","message":"CSV saved","filename":"data\\match_258891.csv","records":1}
{"timestamp":"2026-07-13T17:29:14.298Z","level":"info","message":"CSV saved","filename":"data\\match_258891.csv","records":1}
{"timestamp":"2026-07-13T17:29:18.111Z","level":"info","message":"JSON saved","filename":"data\\match_258891.json"}
{"timestamp":"2026-07-13T17:29:18.114Z","level":"info","message":"Analysis saved","filename":"data\\analysis_258891.json"}
{"timestamp":"2026-07-13T17:29:24.301Z","level":"info","message":"CSV saved","filename":"data\\match_258891.csv","records":1}
{"timestamp":"2026-07-13T17:29:34.311Z","level":"info","message":"CSV saved","filename":"data\\match_258891.csv","records":1}
{"timestamp":"2026-07-13T17:29:44.429Z","level":"info","message":"CSV saved","filename":"data\\match_258891.csv","records":1}
{"timestamp":"2026-07-13T17:29:54.434Z","level":"info","message":"CSV saved","filename":"data\\match_258891.csv","records":1}
{"timestamp":"2026-07-13T17:30:04.473Z","level":"info","message":"CSV saved","filename":"data\\match_258891.csv","records":1}
{"timestamp":"2026-07-13T17:30:14.827Z","level":"info","message":"CSV saved","filename":"data\\match_258891.csv","records":1}
{"timestamp":"2026-07-13T17:30:18.126Z","level":"info","message":"JSON saved","filename":"data\\match_258891.json"}
{"timestamp":"2026-07-13T17:30:18.184Z","level":"info","message":"Analysis saved","filename":"data\\analysis_258891.json"}
{"timestamp":"2026-07-13T17:30:24.648Z","level":"info","message":"CSV saved","filename":"data\\match_258891.csv","records":1}
{"timestamp":"2026-07-13T17:30:34.656Z","level":"info","message":"CSV saved","filename":"data\\match_258891.csv","records":1}
{"timestamp":"2026-07-13T17:30:44.654Z","level":"info","message":"CSV saved","filename":"data\\match_258891.csv","records":1}
{"timestamp":"2026-07-13T17:30:54.665Z","level":"info","message":"CSV saved","filename":"data\\match_258891.csv","records":1}
{"timestamp":"2026-07-13T17:31:04.680Z","level":"info","message":"CSV saved","filename":"data\\match_258891.csv","records":1}
{"timestamp":"2026-07-13T17:31:14.701Z","level":"info","message":"CSV saved","filename":"data\\match_258891.csv","records":1}
{"timestamp":"2026-07-13T17:31:18.127Z","level":"info","message":"JSON saved","filename":"data\\match_258891.json"}
{"timestamp":"2026-07-13T17:31:18.130Z","level":"info","message":"Analysis saved","filename":"data\\analysis_258891.json"}
{"timestamp":"2026-07-13T17:31:24.697Z","level":"info","message":"CSV saved","filename":"data\\match_258891.csv","records":1}
{"timestamp":"2026-07-13T17:31:34.708Z","level":"info","message":"CSV saved","filename":"data\\match_258891.csv","records":1}
{"timestamp":"2026-07-13T17:31:44.714Z","level":"info","message":"CSV saved","filename":"data\\match_258891.csv","records":1}
{"timestamp":"2026-07-13T17:31:54.728Z","level":"info","message":"CSV saved","filename":"data\\match_258891.csv","records":1}
{"timestamp":"2026-07-13T17:32:04.730Z","level":"info","message":"CSV saved","filename":"data\\match_258891.csv","records":1}
{"timestamp":"2026-07-13T17:32:14.734Z","level":"info","message":"CSV saved","filename":"data\\match_258891.csv","records":1}
{"timestamp":"2026-07-13T17:32:18.217Z","level":"info","message":"JSON saved","filename":"data\\match_258891.json"}
{"timestamp":"2026-07-13T17:32:18.231Z","level":"info","message":"Analysis saved","filename":"data\\analysis_258891.json"}
{"timestamp":"2026-07-13T17:32:24.736Z","level":"info","message":"CSV saved","filename":"data\\match_258891.csv","records":1}
{"timestamp":"2026-07-13T17:32:34.740Z","level":"info","message":"CSV saved","filename":"data\\match_258891.csv","records":1}
{"timestamp":"2026-07-13T17:32:44.743Z","level":"info","message":"CSV saved","filename":"data\\match_258891.csv","records":1}
{"timestamp":"2026-07-13T17:32:54.752Z","level":"info","message":"CSV saved","filename":"data\\match_258891.csv","records":1}
{"timestamp":"2026-07-13T17:33:04.794Z","level":"info","message":"CSV saved","filename":"data\\match_258891.csv","records":1}
{"timestamp":"2026-07-13T17:33:14.804Z","level":"info","message":"CSV saved","filename":"data\\match_258891.csv","records":1}
{"timestamp":"2026-07-13T17:33:18.183Z","level":"info","message":"JSON saved","filename":"data\\match_258891.json"}
{"timestamp":"2026-07-13T17:33:18.187Z","level":"info","message":"Analysis saved","filename":"data\\analysis_258891.json"}
{"timestamp":"2026-07-13T17:33:24.808Z","level":"info","message":"CSV saved","filename":"data\\match_258891.csv","records":1}
{"timestamp":"2026-07-13T17:33:34.808Z","level":"info","message":"CSV saved","filename":"data\\match_258891.csv","records":1}
{"timestamp":"2026-07-13T17:33:44.815Z","level":"info","message":"CSV saved","filename":"data\\match_258891.csv","records":1}
{"timestamp":"2026-07-13T17:33:54.837Z","level":"info","message":"CSV saved","filename":"data\\match_258891.csv","records":1}
{"timestamp":"2026-07-13T17:34:04.846Z","level":"info","message":"CSV saved","filename":"data\\match_258891.csv","records":1}
{"timestamp":"2026-07-13T17:34:14.851Z","level":"info","message":"CSV saved","filename":"data\\match_258891.csv","records":1}
{"timestamp":"2026-07-13T17:34:18.189Z","level":"info","message":"JSON saved","filename":"data\\match_258891.json"}
{"timestamp":"2026-07-13T17:34:18.193Z","level":"info","message":"Analysis saved","filename":"data\\analysis_258891.json"}
{"timestamp":"2026-07-13T17:34:24.861Z","level":"info","message":"CSV saved","filename":"data\\match_258891.csv","records":1}
{"timestamp":"2026-07-13T17:34:34.862Z","level":"info","message":"CSV saved","filename":"data\\match_258891.csv","records":1}
{"timestamp":"2026-07-13T17:34:44.862Z","level":"info","message":"CSV saved","filename":"data\\match_258891.csv","records":1}
{"timestamp":"2026-07-13T17:34:54.871Z","level":"info","message":"CSV saved","filename":"data\\match_258891.csv","records":1}
{"timestamp":"2026-07-13T17:35:04.879Z","level":"info","message":"CSV saved","filename":"data\\match_258891.csv","records":1}
{"timestamp":"2026-07-13T17:35:14.885Z","level":"info","message":"CSV saved","filename":"data\\match_258891.csv","records":1}
{"timestamp":"2026-07-13T17:35:18.196Z","level":"info","message":"JSON saved","filename":"data\\match_258891.json"}
{"timestamp":"2026-07-13T17:35:18.199Z","level":"info","message":"Analysis saved","filename":"data\\analysis_258891.json"}
{"timestamp":"2026-07-13T17:35:24.886Z","level":"info","message":"CSV saved","filename":"data\\match_258891.csv","records":1}
{"timestamp":"2026-07-13T17:35:34.892Z","level":"info","message":"CSV saved","filename":"data\\match_258891.csv","records":1}
{"timestamp":"2026-07-13T17:35:44.902Z","level":"info","message":"CSV saved","filename":"data\\match_258891.csv","records":1}
{"timestamp":"2026-07-13T17:35:54.906Z","level":"info","message":"CSV saved","filename":"data\\match_258891.csv","records":1}
{"timestamp":"2026-07-13T17:36:04.912Z","level":"info","message":"CSV saved","filename":"data\\match_258891.csv","records":1}
{"timestamp":"2026-07-13T17:36:30.169Z","level":"info","message":"🚀 Starting Metro Vóley Tracker..."}
{"timestamp":"2026-07-13T17:36:30.172Z","level":"info","message":"🚀 Iniciando tracker para partido 258891 con reconexión automática"}
{"timestamp":"2026-07-13T17:36:30.435Z","level":"info","message":"🎯 LOCAL 15 - 10 VISITANTE","set":3,"scorer":null,"event":"POINT","lead":5,"homeRun":0,"awayRun":0,"phase":"LATE"}
{"timestamp":"2026-07-13T17:36:30.438Z","level":"info","message":"JSON saved","filename":"data\\match_258891.json"}
{"timestamp":"2026-07-13T17:36:40.629Z","level":"info","message":"CSV saved","filename":"data\\match_258891.csv","records":1}
{"timestamp":"2026-07-13T17:36:50.637Z","level":"info","message":"CSV saved","filename":"data\\match_258891.csv","records":1}
{"timestamp":"2026-07-13T17:37:00.641Z","level":"info","message":"CSV saved","filename":"data\\match_258891.csv","records":1}
{"timestamp":"2026-07-13T17:37:10.653Z","level":"info","message":"CSV saved","filename":"data\\match_258891.csv","records":1}
{"timestamp":"2026-07-13T17:37:20.659Z","level":"info","message":"CSV saved","filename":"data\\match_258891.csv","records":1}
{"timestamp":"2026-07-13T17:37:30.631Z","level":"info","message":"JSON saved","filename":"data\\match_258891.json"}
{"timestamp":"2026-07-13T17:37:30.637Z","level":"info","message":"Analysis saved","filename":"data\\analysis_258891.json"}
{"timestamp":"2026-07-13T17:37:30.663Z","level":"info","message":"CSV saved","filename":"data\\match_258891.csv","records":1}
{"timestamp":"2026-07-13T17:37:40.668Z","level":"info","message":"CSV saved","filename":"data\\match_258891.csv","records":1}
{"timestamp":"2026-07-13T17:37:50.672Z","level":"info","message":"CSV saved","filename":"data\\match_258891.csv","records":1}
{"timestamp":"2026-07-13T17:38:00.680Z","level":"info","message":"CSV saved","filename":"data\\match_258891.csv","records":1}
{"timestamp":"2026-07-13T17:38:10.686Z","level":"info","message":"CSV saved","filename":"data\\match_258891.csv","records":1}
{"timestamp":"2026-07-13T17:38:20.691Z","level":"info","message":"CSV saved","filename":"data\\match_258891.csv","records":1}
{"timestamp":"2026-07-13T17:38:30.643Z","level":"info","message":"JSON saved","filename":"data\\match_258891.json"}
{"timestamp":"2026-07-13T17:38:30.644Z","level":"info","message":"Analysis saved","filename":"data\\analysis_258891.json"}
{"timestamp":"2026-07-13T17:38:30.688Z","level":"info","message":"CSV saved","filename":"data\\match_258891.csv","records":1}
{"timestamp":"2026-07-13T17:38:40.690Z","level":"info","message":"CSV saved","filename":"data\\match_258891.csv","records":1}
{"timestamp":"2026-07-13T17:38:50.705Z","level":"info","message":"CSV saved","filename":"data\\match_258891.csv","records":1}
{"timestamp":"2026-07-13T17:39:00.713Z","level":"info","message":"CSV saved","filename":"data\\match_258891.csv","records":1}
{"timestamp":"2026-07-13T17:39:10.722Z","level":"info","message":"CSV saved","filename":"data\\match_258891.csv","records":1}
{"timestamp":"2026-07-13T17:39:20.731Z","level":"info","message":"CSV saved","filename":"data\\match_258891.csv","records":1}
{"timestamp":"2026-07-13T17:39:30.652Z","level":"info","message":"JSON saved","filename":"data\\match_258891.json"}
{"timestamp":"2026-07-13T17:39:30.654Z","level":"info","message":"Analysis saved","filename":"data\\analysis_258891.json"}
{"timestamp":"2026-07-13T17:39:30.744Z","level":"info","message":"CSV saved","filename":"data\\match_258891.csv","records":1}
{"timestamp":"2026-07-13T17:39:40.756Z","level":"info","message":"CSV saved","filename":"data\\match_258891.csv","records":1}
{"timestamp":"2026-07-13T17:39:50.762Z","level":"info","message":"CSV saved","filename":"data\\match_258891.csv","records":1}
{"timestamp":"2026-07-13T17:40:00.769Z","level":"info","message":"CSV saved","filename":"data\\match_258891.csv","records":1}
{"timestamp":"2026-07-13T17:40:10.776Z","level":"info","message":"CSV saved","filename":"data\\match_258891.csv","records":1}
{"timestamp":"2026-07-13T17:40:20.852Z","level":"info","message":"CSV saved","filename":"data\\match_258891.csv","records":1}
{"timestamp":"2026-07-13T17:40:30.657Z","level":"info","message":"JSON saved","filename":"data\\match_258891.json"}
{"timestamp":"2026-07-13T17:40:30.660Z","level":"info","message":"Analysis saved","filename":"data\\analysis_258891.json"}
{"timestamp":"2026-07-13T17:40:30.829Z","level":"info","message":"CSV saved","filename":"data\\match_258891.csv","records":1}
{"timestamp":"2026-07-13T17:40:40.835Z","level":"info","message":"CSV saved","filename":"data\\match_258891.csv","records":1}
{"timestamp":"2026-07-13T17:40:50.834Z","level":"info","message":"CSV saved","filename":"data\\match_258891.csv","records":1}
{"timestamp":"2026-07-13T17:41:00.834Z","level":"info","message":"CSV saved","filename":"data\\match_258891.csv","records":1}
{"timestamp":"2026-07-13T17:41:10.846Z","level":"info","message":"CSV saved","filename":"data\\match_258891.csv","records":1}
{"timestamp":"2026-07-13T17:41:20.859Z","level":"info","message":"CSV saved","filename":"data\\match_258891.csv","records":1}
{"timestamp":"2026-07-13T17:41:30.659Z","level":"info","message":"JSON saved","filename":"data\\match_258891.json"}
{"timestamp":"2026-07-13T17:41:30.662Z","level":"info","message":"Analysis saved","filename":"data\\analysis_258891.json"}
{"timestamp":"2026-07-13T17:41:30.866Z","level":"info","message":"CSV saved","filename":"data\\match_258891.csv","records":1}
{"timestamp":"2026-07-13T17:41:40.881Z","level":"info","message":"CSV saved","filename":"data\\match_258891.csv","records":1}
{"timestamp":"2026-07-13T17:41:50.891Z","level":"info","message":"CSV saved","filename":"data\\match_258891.csv","records":1}
{"timestamp":"2026-07-13T17:42:00.895Z","level":"info","message":"CSV saved","filename":"data\\match_258891.csv","records":1}
{"timestamp":"2026-07-13T17:42:10.905Z","level":"info","message":"CSV saved","filename":"data\\match_258891.csv","records":1}
{"timestamp":"2026-07-13T17:42:20.908Z","level":"info","message":"CSV saved","filename":"data\\match_258891.csv","records":1}
{"timestamp":"2026-07-13T17:42:30.665Z","level":"info","message":"JSON saved","filename":"data\\match_258891.json"}
{"timestamp":"2026-07-13T17:42:30.667Z","level":"info","message":"Analysis saved","filename":"data\\analysis_258891.json"}
{"timestamp":"2026-07-13T17:42:30.914Z","level":"info","message":"CSV saved","filename":"data\\match_258891.csv","records":1}
{"timestamp":"2026-07-13T17:42:40.923Z","level":"info","message":"CSV saved","filename":"data\\match_258891.csv","records":1}
{"timestamp":"2026-07-13T17:42:50.933Z","level":"info","message":"CSV saved","filename":"data\\match_258891.csv","records":1}
{"timestamp":"2026-07-13T17:43:00.940Z","level":"info","message":"CSV saved","filename":"data\\match_258891.csv","records":1}
{"timestamp":"2026-07-13T17:43:10.945Z","level":"info","message":"CSV saved","filename":"data\\match_258891.csv","records":1}
{"timestamp":"2026-07-13T17:43:20.950Z","level":"info","message":"CSV saved","filename":"data\\match_258891.csv","records":1}
{"timestamp":"2026-07-13T17:43:30.673Z","level":"info","message":"JSON saved","filename":"data\\match_258891.json"}
{"timestamp":"2026-07-13T17:43:30.675Z","level":"info","message":"Analysis saved","filename":"data\\analysis_258891.json"}
{"timestamp":"2026-07-13T17:43:30.954Z","level":"info","message":"CSV saved","filename":"data\\match_258891.csv","records":1}
{"timestamp":"2026-07-13T17:43:40.954Z","level":"info","message":"CSV saved","filename":"data\\match_258891.csv","records":1}
{"timestamp":"2026-07-13T17:43:50.955Z","level":"info","message":"CSV saved","filename":"data\\match_258891.csv","records":1}
{"timestamp":"2026-07-13T17:44:00.968Z","level":"info","message":"CSV saved","filename":"data\\match_258891.csv","records":1}
{"timestamp":"2026-07-13T17:44:10.973Z","level":"info","message":"CSV saved","filename":"data\\match_258891.csv","records":1}
{"timestamp":"2026-07-13T17:44:20.986Z","level":"info","message":"CSV saved","filename":"data\\match_258891.csv","records":1}
{"timestamp":"2026-07-13T17:44:30.683Z","level":"info","message":"JSON saved","filename":"data\\match_258891.json"}
{"timestamp":"2026-07-13T17:44:30.685Z","level":"info","message":"Analysis saved","filename":"data\\analysis_258891.json"}
{"timestamp":"2026-07-13T17:44:30.998Z","level":"info","message":"CSV saved","filename":"data\\match_258891.csv","records":1}
{"timestamp":"2026-07-13T17:44:41.002Z","level":"info","message":"CSV saved","filename":"data\\match_258891.csv","records":1}
{"timestamp":"2026-07-13T17:44:51.011Z","level":"info","message":"CSV saved","filename":"data\\match_258891.csv","records":1}
{"timestamp":"2026-07-13T17:45:01.026Z","level":"info","message":"CSV saved","filename":"data\\match_258891.csv","records":1}
{"timestamp":"2026-07-13T17:45:11.029Z","level":"info","message":"CSV saved","filename":"data\\match_258891.csv","records":1}
{"timestamp":"2026-07-13T17:45:21.039Z","level":"info","message":"CSV saved","filename":"data\\match_258891.csv","records":1}
{"timestamp":"2026-07-13T17:45:30.691Z","level":"info","message":"JSON saved","filename":"data\\match_258891.json"}
{"timestamp":"2026-07-13T17:45:30.695Z","level":"info","message":"Analysis saved","filename":"data\\analysis_258891.json"}
{"timestamp":"2026-07-13T17:45:31.049Z","level":"info","message":"CSV saved","filename":"data\\match_258891.csv","records":1}
{"timestamp":"2026-07-13T17:45:41.052Z","level":"info","message":"CSV saved","filename":"data\\match_258891.csv","records":1}
{"timestamp":"2026-07-13T17:45:51.059Z","level":"info","message":"CSV saved","filename":"data\\match_258891.csv","records":1}
{"timestamp":"2026-07-13T17:46:01.062Z","level":"info","message":"CSV saved","filename":"data\\match_258891.csv","records":1}
{"timestamp":"2026-07-13T17:46:11.074Z","level":"info","message":"CSV saved","filename":"data\\match_258891.csv","records":1}
{"timestamp":"2026-07-13T17:46:21.084Z","level":"info","message":"CSV saved","filename":"data\\match_258891.csv","records":1}
{"timestamp":"2026-07-13T17:46:30.701Z","level":"info","message":"JSON saved","filename":"data\\match_258891.json"}
{"timestamp":"2026-07-13T17:46:30.702Z","level":"info","message":"Analysis saved","filename":"data\\analysis_258891.json"}
{"timestamp":"2026-07-13T17:46:31.090Z","level":"info","message":"CSV saved","filename":"data\\match_258891.csv","records":1}
{"timestamp":"2026-07-13T17:46:41.098Z","level":"info","message":"CSV saved","filename":"data\\match_258891.csv","records":1}
{"timestamp":"2026-07-13T17:46:51.108Z","level":"info","message":"CSV saved","filename":"data\\match_258891.csv","records":1}
{"timestamp":"2026-07-13T17:47:01.110Z","level":"info","message":"CSV saved","filename":"data\\match_258891.csv","records":1}
{"timestamp":"2026-07-13T17:47:11.119Z","level":"info","message":"CSV saved","filename":"data\\match_258891.csv","records":1}
{"timestamp":"2026-07-13T17:47:21.132Z","level":"info","message":"CSV saved","filename":"data\\match_258891.csv","records":1}
{"timestamp":"2026-07-13T17:47:30.710Z","level":"info","message":"JSON saved","filename":"data\\match_258891.json"}
{"timestamp":"2026-07-13T17:47:30.712Z","level":"info","message":"Analysis saved","filename":"data\\analysis_258891.json"}
{"timestamp":"2026-07-13T17:47:31.147Z","level":"info","message":"CSV saved","filename":"data\\match_258891.csv","records":1}
{"timestamp":"2026-07-13T17:47:41.159Z","level":"info","message":"CSV saved","filename":"data\\match_258891.csv","records":1}
{"timestamp":"2026-07-13T17:47:51.177Z","level":"info","message":"CSV saved","filename":"data\\match_258891.csv","records":1}
{"timestamp":"2026-07-13T17:48:01.186Z","level":"info","message":"CSV saved","filename":"data\\match_258891.csv","records":1}
{"timestamp":"2026-07-13T17:48:11.195Z","level":"info","message":"CSV saved","filename":"data\\match_258891.csv","records":1}
{"timestamp":"2026-07-13T17:48:21.203Z","level":"info","message":"CSV saved","filename":"data\\match_258891.csv","records":1}
{"timestamp":"2026-07-13T17:48:30.717Z","level":"info","message":"JSON saved","filename":"data\\match_258891.json"}
{"timestamp":"2026-07-13T17:48:30.719Z","level":"info","message":"Analysis saved","filename":"data\\analysis_258891.json"}
{"timestamp":"2026-07-13T17:48:31.213Z","level":"info","message":"CSV saved","filename":"data\\match_258891.csv","records":1}
{"timestamp":"2026-07-13T17:48:41.225Z","level":"info","message":"CSV saved","filename":"data\\match_258891.csv","records":1}
{"timestamp":"2026-07-13T17:48:51.225Z","level":"info","message":"CSV saved","filename":"data\\match_258891.csv","records":1}
{"timestamp":"2026-07-13T17:49:01.240Z","level":"info","message":"CSV saved","filename":"data\\match_258891.csv","records":1}
{"timestamp":"2026-07-13T17:49:11.246Z","level":"info","message":"CSV saved","filename":"data\\match_258891.csv","records":1}
{"timestamp":"2026-07-13T17:49:21.251Z","level":"info","message":"CSV saved","filename":"data\\match_258891.csv","records":1}
{"timestamp":"2026-07-13T17:49:30.723Z","level":"info","message":"JSON saved","filename":"data\\match_258891.json"}
{"timestamp":"2026-07-13T17:49:30.727Z","level":"info","message":"Analysis saved","filename":"data\\analysis_258891.json"}
{"timestamp":"2026-07-13T17:49:31.257Z","level":"info","message":"CSV saved","filename":"data\\match_258891.csv","records":1}
{"timestamp":"2026-07-13T17:49:41.270Z","level":"info","message":"CSV saved","filename":"data\\match_258891.csv","records":1}
{"timestamp":"2026-07-13T17:49:51.271Z","level":"info","message":"CSV saved","filename":"data\\match_258891.csv","records":1}
{"timestamp":"2026-07-13T17:50:01.275Z","level":"info","message":"CSV saved","filename":"data\\match_258891.csv","records":1}
{"timestamp":"2026-07-13T17:50:11.277Z","level":"info","message":"CSV saved","filename":"data\\match_258891.csv","records":1}
{"timestamp":"2026-07-13T17:50:21.290Z","level":"info","message":"CSV saved","filename":"data\\match_258891.csv","records":1}
{"timestamp":"2026-07-13T17:50:30.722Z","level":"info","message":"JSON saved","filename":"data\\match_258891.json"}
{"timestamp":"2026-07-13T17:50:30.726Z","level":"info","message":"Analysis saved","filename":"data\\analysis_258891.json"}
{"timestamp":"2026-07-13T17:50:31.380Z","level":"info","message":"CSV saved","filename":"data\\match_258891.csv","records":1}
{"timestamp":"2026-07-13T17:50:41.349Z","level":"info","message":"CSV saved","filename":"data\\match_258891.csv","records":1}
{"timestamp":"2026-07-13T17:50:51.361Z","level":"info","message":"CSV saved","filename":"data\\match_258891.csv","records":1}
{"timestamp":"2026-07-13T17:51:01.374Z","level":"info","message":"CSV saved","filename":"data\\match_258891.csv","records":1}
{"timestamp":"2026-07-13T17:51:11.387Z","level":"info","message":"CSV saved","filename":"data\\match_258891.csv","records":1}
{"timestamp":"2026-07-13T17:51:21.392Z","level":"info","message":"CSV saved","filename":"data\\match_258891.csv","records":1}
{"timestamp":"2026-07-13T17:51:30.724Z","level":"info","message":"JSON saved","filename":"data\\match_258891.json"}
{"timestamp":"2026-07-13T17:51:30.727Z","level":"info","message":"Analysis saved","filename":"data\\analysis_258891.json"}
{"timestamp":"2026-07-13T17:51:31.393Z","level":"info","message":"CSV saved","filename":"data\\match_258891.csv","records":1}
{"timestamp":"2026-07-13T17:51:41.401Z","level":"info","message":"CSV saved","filename":"data\\match_258891.csv","records":1}
{"timestamp":"2026-07-13T17:51:51.408Z","level":"info","message":"CSV saved","filename":"data\\match_258891.csv","records":1}
{"timestamp":"2026-07-13T17:52:01.420Z","level":"info","message":"CSV saved","filename":"data\\match_258891.csv","records":1}
{"timestamp":"2026-07-13T17:52:11.437Z","level":"info","message":"CSV saved","filename":"data\\match_258891.csv","records":1}
{"timestamp":"2026-07-13T17:52:21.442Z","level":"info","message":"CSV saved","filename":"data\\match_258891.csv","records":1}
{"timestamp":"2026-07-13T17:52:30.725Z","level":"info","message":"JSON saved","filename":"data\\match_258891.json"}
{"timestamp":"2026-07-13T17:52:30.728Z","level":"info","message":"Analysis saved","filename":"data\\analysis_258891.json"}
{"timestamp":"2026-07-13T17:52:31.458Z","level":"info","message":"CSV saved","filename":"data\\match_258891.csv","records":1}
{"timestamp":"2026-07-13T17:52:41.465Z","level":"info","message":"CSV saved","filename":"data\\match_258891.csv","records":1}
{"timestamp":"2026-07-13T17:52:51.473Z","level":"info","message":"CSV saved","filename":"data\\match_258891.csv","records":1}
{"timestamp":"2026-07-13T17:53:01.474Z","level":"info","message":"CSV saved","filename":"data\\match_258891.csv","records":1}
{"timestamp":"2026-07-13T17:53:11.488Z","level":"info","message":"CSV saved","filename":"data\\match_258891.csv","records":1}
{"timestamp":"2026-07-13T17:53:21.502Z","level":"info","message":"CSV saved","filename":"data\\match_258891.csv","records":1}
{"timestamp":"2026-07-13T17:53:30.737Z","level":"info","message":"JSON saved","filename":"data\\match_258891.json"}
{"timestamp":"2026-07-13T17:53:30.738Z","level":"info","message":"Analysis saved","filename":"data\\analysis_258891.json"}
{"timestamp":"2026-07-13T17:53:31.513Z","level":"info","message":"CSV saved","filename":"data\\match_258891.csv","records":1}
{"timestamp":"2026-07-13T17:53:41.525Z","level":"info","message":"CSV saved","filename":"data\\match_258891.csv","records":1}
{"timestamp":"2026-07-13T17:53:51.531Z","level":"info","message":"CSV saved","filename":"data\\match_258891.csv","records":1}
{"timestamp":"2026-07-13T17:54:01.547Z","level":"info","message":"CSV saved","filename":"data\\match_258891.csv","records":1}
{"timestamp":"2026-07-13T17:54:11.558Z","level":"info","message":"CSV saved","filename":"data\\match_258891.csv","records":1}
{"timestamp":"2026-07-13T17:54:21.571Z","level":"info","message":"CSV saved","filename":"data\\match_258891.csv","records":1}
{"timestamp":"2026-07-13T17:54:30.742Z","level":"info","message":"JSON saved","filename":"data\\match_258891.json"}
{"timestamp":"2026-07-13T17:54:30.744Z","level":"info","message":"Analysis saved","filename":"data\\analysis_258891.json"}
{"timestamp":"2026-07-13T17:54:31.583Z","level":"info","message":"CSV saved","filename":"data\\match_258891.csv","records":1}
{"timestamp":"2026-07-13T17:54:41.593Z","level":"info","message":"CSV saved","filename":"data\\match_258891.csv","records":1}
{"timestamp":"2026-07-13T17:54:51.597Z","level":"info","message":"CSV saved","filename":"data\\match_258891.csv","records":1}
{"timestamp":"2026-07-13T17:55:01.610Z","level":"info","message":"CSV saved","filename":"data\\match_258891.csv","records":1}
{"timestamp":"2026-07-13T17:55:11.612Z","level":"info","message":"CSV saved","filename":"data\\match_258891.csv","records":1}
{"timestamp":"2026-07-13T17:55:21.621Z","level":"info","message":"CSV saved","filename":"data\\match_258891.csv","records":1}
{"timestamp":"2026-07-13T17:55:30.742Z","level":"info","message":"JSON saved","filename":"data\\match_258891.json"}
{"timestamp":"2026-07-13T17:55:30.744Z","level":"info","message":"Analysis saved","filename":"data\\analysis_258891.json"}
{"timestamp":"2026-07-13T17:55:31.632Z","level":"info","message":"CSV saved","filename":"data\\match_258891.csv","records":1}
{"timestamp":"2026-07-13T17:55:41.633Z","level":"info","message":"CSV saved","filename":"data\\match_258891.csv","records":1}
{"timestamp":"2026-07-13T17:55:51.640Z","level":"info","message":"CSV saved","filename":"data\\match_258891.csv","records":1}
{"timestamp":"2026-07-13T17:56:01.642Z","level":"info","message":"CSV saved","filename":"data\\match_258891.csv","records":1}
{"timestamp":"2026-07-13T17:56:11.649Z","level":"info","message":"CSV saved","filename":"data\\match_258891.csv","records":1}
{"timestamp":"2026-07-13T17:56:15.581Z","level":"warn","message":"Failed to fetch stats","error":"Request timeout after 10000ms"}
{"timestamp":"2026-07-13T17:56:15.985Z","level":"error","message":"❌ Error en fetch (1 consecutivos):","error":"Request timeout after 10000ms","name":"TimeoutError"}
{"timestamp":"2026-07-13T17:56:18.689Z","level":"info","message":"✅ Conexión restablecida después de 1 errores"}
{"timestamp":"2026-07-13T17:56:21.658Z","level":"info","message":"CSV saved","filename":"data\\match_258891.csv","records":1}
{"timestamp":"2026-07-13T17:56:21.986Z","level":"error","message":"❌ Error en fetch (1 consecutivos):","error":"Request timeout after 10000ms","name":"TimeoutError"}
{"timestamp":"2026-07-13T17:56:22.505Z","level":"info","message":"✅ Conexión restablecida después de 1 errores"}
{"timestamp":"2026-07-13T17:56:28.709Z","level":"warn","message":"Failed to fetch stats","error":"Request timeout after 10000ms"}
{"timestamp":"2026-07-13T17:56:30.752Z","level":"info","message":"JSON saved","filename":"data\\match_258891.json"}
{"timestamp":"2026-07-13T17:56:30.754Z","level":"info","message":"Analysis saved","filename":"data\\analysis_258891.json"}
{"timestamp":"2026-07-13T17:56:31.014Z","level":"error","message":"❌ Error en fetch (1 consecutivos):","error":"Request timeout after 10000ms","name":"TimeoutError"}
{"timestamp":"2026-07-13T17:56:31.667Z","level":"info","message":"CSV saved","filename":"data\\match_258891.csv","records":1}
{"timestamp":"2026-07-13T17:56:34.567Z","level":"error","message":"❌ Error en fetch (2 consecutivos):","error":"Request timeout after 10000ms","name":"TimeoutError"}
{"timestamp":"2026-07-13T17:56:37.016Z","level":"error","message":"❌ Error en fetch (3 consecutivos):","error":"Request timeout after 10000ms","name":"TimeoutError"}
{"timestamp":"2026-07-13T17:56:37.017Z","level":"warn","message":"🔄 Intentando reconexión... (delay: 1000ms, error #3)"}
{"timestamp":"2026-07-13T17:56:38.498Z","level":"warn","message":"Failed to fetch stats","error":"Request timeout after 10000ms"}
{"timestamp":"2026-07-13T17:56:40.791Z","level":"info","message":"✅ Conexión restablecida después de 3 errores"}
{"timestamp":"2026-07-13T17:56:41.672Z","level":"info","message":"CSV saved","filename":"data\\match_258891.csv","records":1}
{"timestamp":"2026-07-13T17:56:43.040Z","level":"error","message":"❌ Error en fetch (1 consecutivos):","error":"Request timeout after 10000ms","name":"TimeoutError"}
{"timestamp":"2026-07-13T17:56:44.091Z","level":"info","message":"✅ Conexión restablecida después de 1 errores"}
{"timestamp":"2026-07-13T17:56:50.832Z","level":"warn","message":"Failed to fetch stats","error":"Request timeout after 10000ms"}
{"timestamp":"2026-07-13T17:56:51.680Z","level":"info","message":"CSV saved","filename":"data\\match_258891.csv","records":1}
{"timestamp":"2026-07-13T17:57:01.687Z","level":"info","message":"CSV saved","filename":"data\\match_258891.csv","records":1}
{"timestamp":"2026-07-13T17:57:11.702Z","level":"info","message":"CSV saved","filename":"data\\match_258891.csv","records":1}
{"timestamp":"2026-07-13T17:57:21.712Z","level":"info","message":"CSV saved","filename":"data\\match_258891.csv","records":1}
{"timestamp":"2026-07-13T17:57:30.767Z","level":"info","message":"JSON saved","filename":"data\\match_258891.json"}
{"timestamp":"2026-07-13T17:57:30.770Z","level":"info","message":"Analysis saved","filename":"data\\analysis_258891.json"}
{"timestamp":"2026-07-13T17:57:31.722Z","level":"info","message":"CSV saved","filename":"data\\match_258891.csv","records":1}
{"timestamp":"2026-07-13T17:57:41.737Z","level":"info","message":"CSV saved","filename":"data\\match_258891.csv","records":1}
{"timestamp":"2026-07-13T17:57:51.750Z","level":"info","message":"CSV saved","filename":"data\\match_258891.csv","records":1}
{"timestamp":"2026-07-13T17:58:01.752Z","level":"info","message":"CSV saved","filename":"data\\match_258891.csv","records":1}
{"timestamp":"2026-07-13T17:58:11.761Z","level":"info","message":"CSV saved","filename":"data\\match_258891.csv","records":1}
{"timestamp":"2026-07-13T17:58:21.768Z","level":"info","message":"CSV saved","filename":"data\\match_258891.csv","records":1}
{"timestamp":"2026-07-13T17:58:30.770Z","level":"info","message":"JSON saved","filename":"data\\match_258891.json"}
{"timestamp":"2026-07-13T17:58:30.772Z","level":"info","message":"Analysis saved","filename":"data\\analysis_258891.json"}
{"timestamp":"2026-07-13T17:58:31.777Z","level":"info","message":"CSV saved","filename":"data\\match_258891.csv","records":1}
{"timestamp":"2026-07-13T17:58:41.781Z","level":"info","message":"CSV saved","filename":"data\\match_258891.csv","records":1}
{"timestamp":"2026-07-13T17:58:51.788Z","level":"info","message":"CSV saved","filename":"data\\match_258891.csv","records":1}
{"timestamp":"2026-07-13T17:59:01.788Z","level":"info","message":"CSV saved","filename":"data\\match_258891.csv","records":1}
{"timestamp":"2026-07-13T17:59:11.789Z","level":"info","message":"CSV saved","filename":"data\\match_258891.csv","records":1}
{"timestamp":"2026-07-13T17:59:21.799Z","level":"info","message":"CSV saved","filename":"data\\match_258891.csv","records":1}
{"timestamp":"2026-07-13T17:59:30.782Z","level":"info","message":"JSON saved","filename":"data\\match_258891.json"}
{"timestamp":"2026-07-13T17:59:30.786Z","level":"info","message":"Analysis saved","filename":"data\\analysis_258891.json"}
{"timestamp":"2026-07-13T17:59:31.807Z","level":"info","message":"CSV saved","filename":"data\\match_258891.csv","records":1}
{"timestamp":"2026-07-13T17:59:41.811Z","level":"info","message":"CSV saved","filename":"data\\match_258891.csv","records":1}
{"timestamp":"2026-07-13T17:59:51.821Z","level":"info","message":"CSV saved","filename":"data\\match_258891.csv","records":1}
{"timestamp":"2026-07-13T18:00:01.828Z","level":"info","message":"CSV saved","filename":"data\\match_258891.csv","records":1}
{"timestamp":"2026-07-13T18:00:11.829Z","level":"info","message":"CSV saved","filename":"data\\match_258891.csv","records":1}
{"timestamp":"2026-07-13T18:00:21.841Z","level":"info","message":"CSV saved","filename":"data\\match_258891.csv","records":1}
{"timestamp":"2026-07-13T18:00:30.791Z","level":"info","message":"JSON saved","filename":"data\\match_258891.json"}
{"timestamp":"2026-07-13T18:00:30.793Z","level":"info","message":"Analysis saved","filename":"data\\analysis_258891.json"}
{"timestamp":"2026-07-13T18:00:31.886Z","level":"info","message":"CSV saved","filename":"data\\match_258891.csv","records":1}
{"timestamp":"2026-07-13T18:00:41.860Z","level":"info","message":"CSV saved","filename":"data\\match_258891.csv","records":1}
{"timestamp":"2026-07-13T18:00:51.862Z","level":"info","message":"CSV saved","filename":"data\\match_258891.csv","records":1}
{"timestamp":"2026-07-13T18:01:01.867Z","level":"info","message":"CSV saved","filename":"data\\match_258891.csv","records":1}
{"timestamp":"2026-07-13T18:01:11.875Z","level":"info","message":"CSV saved","filename":"data\\match_258891.csv","records":1}
{"timestamp":"2026-07-13T18:01:21.882Z","level":"info","message":"CSV saved","filename":"data\\match_258891.csv","records":1}
{"timestamp":"2026-07-13T18:01:30.802Z","level":"info","message":"JSON saved","filename":"data\\match_258891.json"}
{"timestamp":"2026-07-13T18:01:30.803Z","level":"info","message":"Analysis saved","filename":"data\\analysis_258891.json"}
{"timestamp":"2026-07-13T18:01:31.890Z","level":"info","message":"CSV saved","filename":"data\\match_258891.csv","records":1}
{"timestamp":"2026-07-13T18:01:41.898Z","level":"info","message":"CSV saved","filename":"data\\match_258891.csv","records":1}
{"timestamp":"2026-07-13T18:01:51.902Z","level":"info","message":"CSV saved","filename":"data\\match_258891.csv","records":1}
{"timestamp":"2026-07-13T18:02:01.914Z","level":"info","message":"CSV saved","filename":"data\\match_258891.csv","records":1}
{"timestamp":"2026-07-13T18:02:11.927Z","level":"info","message":"CSV saved","filename":"data\\match_258891.csv","records":1}
{"timestamp":"2026-07-13T18:02:21.940Z","level":"info","message":"CSV saved","filename":"data\\match_258891.csv","records":1}
{"timestamp":"2026-07-13T18:02:30.805Z","level":"info","message":"JSON saved","filename":"data\\match_258891.json"}
{"timestamp":"2026-07-13T18:02:30.807Z","level":"info","message":"Analysis saved","filename":"data\\analysis_258891.json"}
{"timestamp":"2026-07-13T18:02:31.944Z","level":"info","message":"CSV saved","filename":"data\\match_258891.csv","records":1}
{"timestamp":"2026-07-13T18:02:41.957Z","level":"info","message":"CSV saved","filename":"data\\match_258891.csv","records":1}
{"timestamp":"2026-07-13T18:02:51.964Z","level":"info","message":"CSV saved","filename":"data\\match_258891.csv","records":1}
{"timestamp":"2026-07-13T18:03:01.968Z","level":"info","message":"CSV saved","filename":"data\\match_258891.csv","records":1}
{"timestamp":"2026-07-13T18:03:11.969Z","level":"info","message":"CSV saved","filename":"data\\match_258891.csv","records":1}
{"timestamp":"2026-07-13T18:03:21.975Z","level":"info","message":"CSV saved","filename":"data\\match_258891.csv","records":1}
{"timestamp":"2026-07-13T18:03:30.816Z","level":"info","message":"JSON saved","filename":"data\\match_258891.json"}
{"timestamp":"2026-07-13T18:03:30.817Z","level":"info","message":"Analysis saved","filename":"data\\analysis_258891.json"}
{"timestamp":"2026-07-13T18:03:31.981Z","level":"info","message":"CSV saved","filename":"data\\match_258891.csv","records":1}
{"timestamp":"2026-07-13T18:03:41.995Z","level":"info","message":"CSV saved","filename":"data\\match_258891.csv","records":1}
{"timestamp":"2026-07-13T18:03:52.000Z","level":"info","message":"CSV saved","filename":"data\\match_258891.csv","records":1}
{"timestamp":"2026-07-13T18:04:02.003Z","level":"info","message":"CSV saved","filename":"data\\match_258891.csv","records":1}
{"timestamp":"2026-07-13T18:04:12.006Z","level":"info","message":"CSV saved","filename":"data\\match_258891.csv","records":1}
{"timestamp":"2026-07-13T18:04:22.011Z","level":"info","message":"CSV saved","filename":"data\\match_258891.csv","records":1}
{"timestamp":"2026-07-13T18:04:30.826Z","level":"info","message":"JSON saved","filename":"data\\match_258891.json"}
{"timestamp":"2026-07-13T18:04:30.828Z","level":"info","message":"Analysis saved","filename":"data\\analysis_258891.json"}
{"timestamp":"2026-07-13T18:04:32.022Z","level":"info","message":"CSV saved","filename":"data\\match_258891.csv","records":1}
{"timestamp":"2026-07-13T18:04:42.025Z","level":"info","message":"CSV saved","filename":"data\\match_258891.csv","records":1}
{"timestamp":"2026-07-13T18:04:52.037Z","level":"info","message":"CSV saved","filename":"data\\match_258891.csv","records":1}
{"timestamp":"2026-07-13T18:05:02.053Z","level":"info","message":"CSV saved","filename":"data\\match_258891.csv","records":1}
{"timestamp":"2026-07-13T18:05:12.055Z","level":"info","message":"CSV saved","filename":"data\\match_258891.csv","records":1}
{"timestamp":"2026-07-13T18:05:22.062Z","level":"info","message":"CSV saved","filename":"data\\match_258891.csv","records":1}
{"timestamp":"2026-07-13T18:05:30.833Z","level":"info","message":"JSON saved","filename":"data\\match_258891.json"}
{"timestamp":"2026-07-13T18:05:30.835Z","level":"info","message":"Analysis saved","filename":"data\\analysis_258891.json"}
{"timestamp":"2026-07-13T18:05:32.064Z","level":"info","message":"CSV saved","filename":"data\\match_258891.csv","records":1}
{"timestamp":"2026-07-13T18:05:42.076Z","level":"info","message":"CSV saved","filename":"data\\match_258891.csv","records":1}
{"timestamp":"2026-07-13T18:05:52.082Z","level":"info","message":"CSV saved","filename":"data\\match_258891.csv","records":1}
{"timestamp":"2026-07-13T18:06:02.088Z","level":"info","message":"CSV saved","filename":"data\\match_258891.csv","records":1}
{"timestamp":"2026-07-13T18:06:12.099Z","level":"info","message":"CSV saved","filename":"data\\match_258891.csv","records":1}
{"timestamp":"2026-07-13T18:06:22.109Z","level":"info","message":"CSV saved","filename":"data\\match_258891.csv","records":1}
{"timestamp":"2026-07-13T18:06:30.844Z","level":"info","message":"JSON saved","filename":"data\\match_258891.json"}
{"timestamp":"2026-07-13T18:06:30.846Z","level":"info","message":"Analysis saved","filename":"data\\analysis_258891.json"}
{"timestamp":"2026-07-13T18:06:32.121Z","level":"info","message":"CSV saved","filename":"data\\match_258891.csv","records":1}
{"timestamp":"2026-07-13T18:06:42.128Z","level":"info","message":"CSV saved","filename":"data\\match_258891.csv","records":1}
{"timestamp":"2026-07-13T18:06:52.136Z","level":"info","message":"CSV saved","filename":"data\\match_258891.csv","records":1}
{"timestamp":"2026-07-13T18:07:02.145Z","level":"info","message":"CSV saved","filename":"data\\match_258891.csv","records":1}
{"timestamp":"2026-07-13T18:07:12.147Z","level":"info","message":"CSV saved","filename":"data\\match_258891.csv","records":1}
{"timestamp":"2026-07-13T18:07:22.154Z","level":"info","message":"CSV saved","filename":"data\\match_258891.csv","records":1}
{"timestamp":"2026-07-13T18:07:30.858Z","level":"info","message":"JSON saved","filename":"data\\match_258891.json"}
{"timestamp":"2026-07-13T18:07:30.860Z","level":"info","message":"Analysis saved","filename":"data\\analysis_258891.json"}
{"timestamp":"2026-07-13T18:07:32.163Z","level":"info","message":"CSV saved","filename":"data\\match_258891.csv","records":1}
{"timestamp":"2026-07-13T18:07:42.171Z","level":"info","message":"CSV saved","filename":"data\\match_258891.csv","records":1}
{"timestamp":"2026-07-13T18:07:52.184Z","level":"info","message":"CSV saved","filename":"data\\match_258891.csv","records":1}
{"timestamp":"2026-07-13T18:08:02.186Z","level":"info","message":"CSV saved","filename":"data\\match_258891.csv","records":1}
{"timestamp":"2026-07-13T18:08:12.192Z","level":"info","message":"CSV saved","filename":"data\\match_258891.csv","records":1}
{"timestamp":"2026-07-13T18:08:22.206Z","level":"info","message":"CSV saved","filename":"data\\match_258891.csv","records":1}
{"timestamp":"2026-07-13T18:08:30.869Z","level":"info","message":"JSON saved","filename":"data\\match_258891.json"}
{"timestamp":"2026-07-13T18:08:30.877Z","level":"info","message":"Analysis saved","filename":"data\\analysis_258891.json"}
{"timestamp":"2026-07-13T18:08:32.210Z","level":"info","message":"CSV saved","filename":"data\\match_258891.csv","records":1}
{"timestamp":"2026-07-13T18:08:42.215Z","level":"info","message":"CSV saved","filename":"data\\match_258891.csv","records":1}
{"timestamp":"2026-07-13T18:08:52.216Z","level":"info","message":"CSV saved","filename":"data\\match_258891.csv","records":1}
{"timestamp":"2026-07-13T18:09:02.223Z","level":"info","message":"CSV saved","filename":"data\\match_258891.csv","records":1}
{"timestamp":"2026-07-13T18:09:12.237Z","level":"info","message":"CSV saved","filename":"data\\match_258891.csv","records":1}
{"timestamp":"2026-07-13T18:09:22.237Z","level":"info","message":"CSV saved","filename":"data\\match_258891.csv","records":1}
{"timestamp":"2026-07-13T18:09:30.882Z","level":"info","message":"JSON saved","filename":"data\\match_258891.json"}
{"timestamp":"2026-07-13T18:09:30.883Z","level":"info","message":"Analysis saved","filename":"data\\analysis_258891.json"}
{"timestamp":"2026-07-13T18:09:32.238Z","level":"info","message":"CSV saved","filename":"data\\match_258891.csv","records":1}
{"timestamp":"2026-07-13T18:09:42.239Z","level":"info","message":"CSV saved","filename":"data\\match_258891.csv","records":1}
{"timestamp":"2026-07-13T18:09:52.241Z","level":"info","message":"CSV saved","filename":"data\\match_258891.csv","records":1}
{"timestamp":"2026-07-13T18:10:02.248Z","level":"info","message":"CSV saved","filename":"data\\match_258891.csv","records":1}
{"timestamp":"2026-07-13T18:10:12.250Z","level":"info","message":"CSV saved","filename":"data\\match_258891.csv","records":1}
{"timestamp":"2026-07-13T18:10:22.256Z","level":"info","message":"CSV saved","filename":"data\\match_258891.csv","records":1}
{"timestamp":"2026-07-13T18:10:30.896Z","level":"info","message":"JSON saved","filename":"data\\match_258891.json"}
{"timestamp":"2026-07-13T18:10:30.901Z","level":"info","message":"Analysis saved","filename":"data\\analysis_258891.json"}
{"timestamp":"2026-07-13T18:10:32.268Z","level":"info","message":"CSV saved","filename":"data\\match_258891.csv","records":1}
{"timestamp":"2026-07-13T18:10:42.293Z","level":"info","message":"CSV saved","filename":"data\\match_258891.csv","records":1}
{"timestamp":"2026-07-13T18:10:52.299Z","level":"info","message":"CSV saved","filename":"data\\match_258891.csv","records":1}
{"timestamp":"2026-07-13T18:11:02.300Z","level":"info","message":"CSV saved","filename":"data\\match_258891.csv","records":1}
{"timestamp":"2026-07-13T18:11:12.301Z","level":"info","message":"CSV saved","filename":"data\\match_258891.csv","records":1}
{"timestamp":"2026-07-13T18:11:22.310Z","level":"info","message":"CSV saved","filename":"data\\match_258891.csv","records":1}
{"timestamp":"2026-07-13T18:11:30.909Z","level":"info","message":"JSON saved","filename":"data\\match_258891.json"}
{"timestamp":"2026-07-13T18:11:30.914Z","level":"info","message":"Analysis saved","filename":"data\\analysis_258891.json"}
{"timestamp":"2026-07-13T18:11:32.318Z","level":"info","message":"CSV saved","filename":"data\\match_258891.csv","records":1}
{"timestamp":"2026-07-13T18:11:42.331Z","level":"info","message":"CSV saved","filename":"data\\match_258891.csv","records":1}
{"timestamp":"2026-07-13T18:11:52.332Z","level":"info","message":"CSV saved","filename":"data\\match_258891.csv","records":1}
{"timestamp":"2026-07-13T18:12:02.341Z","level":"info","message":"CSV saved","filename":"data\\match_258891.csv","records":1}
{"timestamp":"2026-07-13T18:12:12.346Z","level":"info","message":"CSV saved","filename":"data\\match_258891.csv","records":1}
{"timestamp":"2026-07-13T18:12:22.364Z","level":"info","message":"CSV saved","filename":"data\\match_258891.csv","records":1}
{"timestamp":"2026-07-13T18:12:30.910Z","level":"info","message":"JSON saved","filename":"data\\match_258891.json"}
{"timestamp":"2026-07-13T18:12:30.916Z","level":"info","message":"Analysis saved","filename":"data\\analysis_258891.json"}
{"timestamp":"2026-07-13T18:12:32.361Z","level":"info","message":"CSV saved","filename":"data\\match_258891.csv","records":1}
{"timestamp":"2026-07-13T18:12:42.361Z","level":"info","message":"CSV saved","filename":"data\\match_258891.csv","records":1}
{"timestamp":"2026-07-13T18:12:52.375Z","level":"info","message":"CSV saved","filename":"data\\match_258891.csv","records":1}
{"timestamp":"2026-07-13T18:13:02.392Z","level":"info","message":"CSV saved","filename":"data\\match_258891.csv","records":1}
{"timestamp":"2026-07-13T18:13:12.398Z","level":"info","message":"CSV saved","filename":"data\\match_258891.csv","records":1}
{"timestamp":"2026-07-13T18:13:22.407Z","level":"info","message":"CSV saved","filename":"data\\match_258891.csv","records":1}
{"timestamp":"2026-07-13T18:13:30.921Z","level":"info","message":"JSON saved","filename":"data\\match_258891.json"}
{"timestamp":"2026-07-13T18:13:30.923Z","level":"info","message":"Analysis saved","filename":"data\\analysis_258891.json"}
{"timestamp":"2026-07-13T18:13:32.422Z","level":"info","message":"CSV saved","filename":"data\\match_258891.csv","records":1}
{"timestamp":"2026-07-13T18:13:42.428Z","level":"info","message":"CSV saved","filename":"data\\match_258891.csv","records":1}
{"timestamp":"2026-07-13T18:13:52.431Z","level":"info","message":"CSV saved","filename":"data\\match_258891.csv","records":1}
{"timestamp":"2026-07-13T18:14:02.443Z","level":"info","message":"CSV saved","filename":"data\\match_258891.csv","records":1}
{"timestamp":"2026-07-13T18:14:12.455Z","level":"info","message":"CSV saved","filename":"data\\match_258891.csv","records":1}
{"timestamp":"2026-07-13T18:14:22.462Z","level":"info","message":"CSV saved","filename":"data\\match_258891.csv","records":1}
{"timestamp":"2026-07-13T18:14:30.928Z","level":"info","message":"JSON saved","filename":"data\\match_258891.json"}
{"timestamp":"2026-07-13T18:14:30.930Z","level":"info","message":"Analysis saved","filename":"data\\analysis_258891.json"}
{"timestamp":"2026-07-13T18:14:32.462Z","level":"info","message":"CSV saved","filename":"data\\match_258891.csv","records":1}
{"timestamp":"2026-07-13T18:14:42.471Z","level":"info","message":"CSV saved","filename":"data\\match_258891.csv","records":1}
{"timestamp":"2026-07-13T18:14:52.478Z","level":"info","message":"CSV saved","filename":"data\\match_258891.csv","records":1}
{"timestamp":"2026-07-13T18:15:02.489Z","level":"info","message":"CSV saved","filename":"data\\match_258891.csv","records":1}
{"timestamp":"2026-07-13T18:15:12.494Z","level":"info","message":"CSV saved","filename":"data\\match_258891.csv","records":1}
{"timestamp":"2026-07-13T18:15:22.500Z","level":"info","message":"CSV saved","filename":"data\\match_258891.csv","records":1}
{"timestamp":"2026-07-13T18:15:30.943Z","level":"info","message":"JSON saved","filename":"data\\match_258891.json"}
{"timestamp":"2026-07-13T18:15:30.944Z","level":"info","message":"Analysis saved","filename":"data\\analysis_258891.json"}
{"timestamp":"2026-07-13T18:15:32.504Z","level":"info","message":"CSV saved","filename":"data\\match_258891.csv","records":1}
{"timestamp":"2026-07-13T18:15:42.507Z","level":"info","message":"CSV saved","filename":"data\\match_258891.csv","records":1}
{"timestamp":"2026-07-13T18:15:52.521Z","level":"info","message":"CSV saved","filename":"data\\match_258891.csv","records":1}
{"timestamp":"2026-07-13T18:16:02.522Z","level":"info","message":"CSV saved","filename":"data\\match_258891.csv","records":1}
{"timestamp":"2026-07-13T18:16:12.524Z","level":"info","message":"CSV saved","filename":"data\\match_258891.csv","records":1}
{"timestamp":"2026-07-13T18:16:22.529Z","level":"info","message":"CSV saved","filename":"data\\match_258891.csv","records":1}
{"timestamp":"2026-07-13T18:16:30.974Z","level":"info","message":"JSON saved","filename":"data\\match_258891.json"}
{"timestamp":"2026-07-13T18:16:31.012Z","level":"info","message":"Analysis saved","filename":"data\\analysis_258891.json"}
{"timestamp":"2026-07-13T18:16:32.534Z","level":"info","message":"CSV saved","filename":"data\\match_258891.csv","records":1}
{"timestamp":"2026-07-13T18:16:42.551Z","level":"info","message":"CSV saved","filename":"data\\match_258891.csv","records":1}
{"timestamp":"2026-07-13T18:16:52.566Z","level":"info","message":"CSV saved","filename":"data\\match_258891.csv","records":1}
{"timestamp":"2026-07-13T18:17:02.570Z","level":"info","message":"CSV saved","filename":"data\\match_258891.csv","records":1}
{"timestamp":"2026-07-13T18:17:12.573Z","level":"info","message":"CSV saved","filename":"data\\match_258891.csv","records":1}
{"timestamp":"2026-07-13T18:17:22.575Z","level":"info","message":"CSV saved","filename":"data\\match_258891.csv","records":1}
{"timestamp":"2026-07-13T18:17:30.975Z","level":"info","message":"JSON saved","filename":"data\\match_258891.json"}
{"timestamp":"2026-07-13T18:17:30.977Z","level":"info","message":"Analysis saved","filename":"data\\analysis_258891.json"}
{"timestamp":"2026-07-13T18:17:32.578Z","level":"info","message":"CSV saved","filename":"data\\match_258891.csv","records":1}
{"timestamp":"2026-07-13T18:17:42.589Z","level":"info","message":"CSV saved","filename":"data\\match_258891.csv","records":1}
{"timestamp":"2026-07-13T18:17:53.554Z","level":"info","message":"CSV saved","filename":"data\\match_258891.csv","records":1}
{"timestamp":"2026-07-13T18:18:02.601Z","level":"info","message":"CSV saved","filename":"data\\match_258891.csv","records":1}
{"timestamp":"2026-07-13T18:18:12.612Z","level":"info","message":"CSV saved","filename":"data\\match_258891.csv","records":1}
{"timestamp":"2026-07-13T18:18:22.621Z","level":"info","message":"CSV saved","filename":"data\\match_258891.csv","records":1}
{"timestamp":"2026-07-13T18:18:30.986Z","level":"info","message":"JSON saved","filename":"data\\match_258891.json"}
{"timestamp":"2026-07-13T18:18:30.990Z","level":"info","message":"Analysis saved","filename":"data\\analysis_258891.json"}
{"timestamp":"2026-07-13T18:18:32.632Z","level":"info","message":"CSV saved","filename":"data\\match_258891.csv","records":1}
{"timestamp":"2026-07-13T18:18:42.636Z","level":"info","message":"CSV saved","filename":"data\\match_258891.csv","records":1}
{"timestamp":"2026-07-13T18:18:52.642Z","level":"info","message":"CSV saved","filename":"data\\match_258891.csv","records":1}
{"timestamp":"2026-07-13T18:19:02.653Z","level":"info","message":"CSV saved","filename":"data\\match_258891.csv","records":1}
{"timestamp":"2026-07-13T18:19:12.660Z","level":"info","message":"CSV saved","filename":"data\\match_258891.csv","records":1}
{"timestamp":"2026-07-13T18:19:22.665Z","level":"info","message":"CSV saved","filename":"data\\match_258891.csv","records":1}
{"timestamp":"2026-07-13T18:19:30.996Z","level":"info","message":"JSON saved","filename":"data\\match_258891.json"}
{"timestamp":"2026-07-13T18:19:31.001Z","level":"info","message":"Analysis saved","filename":"data\\analysis_258891.json"}
{"timestamp":"2026-07-13T18:19:32.675Z","level":"info","message":"CSV saved","filename":"data\\match_258891.csv","records":1}
{"timestamp":"2026-07-13T18:19:42.689Z","level":"info","message":"CSV saved","filename":"data\\match_258891.csv","records":1}
{"timestamp":"2026-07-13T18:19:52.703Z","level":"info","message":"CSV saved","filename":"data\\match_258891.csv","records":1}
{"timestamp":"2026-07-13T18:20:02.710Z","level":"info","message":"CSV saved","filename":"data\\match_258891.csv","records":1}
{"timestamp":"2026-07-13T18:20:12.714Z","level":"info","message":"CSV saved","filename":"data\\match_258891.csv","records":1}
{"timestamp":"2026-07-13T18:20:22.722Z","level":"info","message":"CSV saved","filename":"data\\match_258891.csv","records":1}
{"timestamp":"2026-07-13T18:20:31.003Z","level":"info","message":"JSON saved","filename":"data\\match_258891.json"}
{"timestamp":"2026-07-13T18:20:31.005Z","level":"info","message":"Analysis saved","filename":"data\\analysis_258891.json"}
{"timestamp":"2026-07-13T18:20:32.734Z","level":"info","message":"CSV saved","filename":"data\\match_258891.csv","records":1}
{"timestamp":"2026-07-13T18:20:42.737Z","level":"info","message":"CSV saved","filename":"data\\match_258891.csv","records":1}
{"timestamp":"2026-07-13T18:20:52.745Z","level":"info","message":"CSV saved","filename":"data\\match_258891.csv","records":1}
{"timestamp":"2026-07-13T18:21:02.748Z","level":"info","message":"CSV saved","filename":"data\\match_258891.csv","records":1}
{"timestamp":"2026-07-13T18:21:12.748Z","level":"info","message":"CSV saved","filename":"data\\match_258891.csv","records":1}
{"timestamp":"2026-07-13T18:21:22.760Z","level":"info","message":"CSV saved","filename":"data\\match_258891.csv","records":1}
{"timestamp":"2026-07-13T18:21:31.009Z","level":"info","message":"JSON saved","filename":"data\\match_258891.json"}
{"timestamp":"2026-07-13T18:21:31.010Z","level":"info","message":"Analysis saved","filename":"data\\analysis_258891.json"}
{"timestamp":"2026-07-13T18:21:32.770Z","level":"info","message":"CSV saved","filename":"data\\match_258891.csv","records":1}
{"timestamp":"2026-07-13T18:21:42.772Z","level":"info","message":"CSV saved","filename":"data\\match_258891.csv","records":1}
{"timestamp":"2026-07-13T18:21:52.786Z","level":"info","message":"CSV saved","filename":"data\\match_258891.csv","records":1}
{"timestamp":"2026-07-13T18:22:02.794Z","level":"info","message":"CSV saved","filename":"data\\match_258891.csv","records":1}
{"timestamp":"2026-07-13T18:22:12.806Z","level":"info","message":"CSV saved","filename":"data\\match_258891.csv","records":1}
{"timestamp":"2026-07-13T18:22:22.816Z","level":"info","message":"CSV saved","filename":"data\\match_258891.csv","records":1}
{"timestamp":"2026-07-13T18:22:31.015Z","level":"info","message":"JSON saved","filename":"data\\match_258891.json"}
{"timestamp":"2026-07-13T18:22:31.017Z","level":"info","message":"Analysis saved","filename":"data\\analysis_258891.json"}
{"timestamp":"2026-07-13T18:22:32.831Z","level":"info","message":"CSV saved","filename":"data\\match_258891.csv","records":1}
{"timestamp":"2026-07-13T18:22:42.845Z","level":"info","message":"CSV saved","filename":"data\\match_258891.csv","records":1}
{"timestamp":"2026-07-13T18:22:52.857Z","level":"info","message":"CSV saved","filename":"data\\match_258891.csv","records":1}
{"timestamp":"2026-07-13T18:23:02.869Z","level":"info","message":"CSV saved","filename":"data\\match_258891.csv","records":1}
{"timestamp":"2026-07-13T18:23:12.869Z","level":"info","message":"CSV saved","filename":"data\\match_258891.csv","records":1}
{"timestamp":"2026-07-13T18:23:22.872Z","level":"info","message":"CSV saved","filename":"data\\match_258891.csv","records":1}
{"timestamp":"2026-07-13T18:23:31.028Z","level":"info","message":"JSON saved","filename":"data\\match_258891.json"}
{"timestamp":"2026-07-13T18:23:31.031Z","level":"info","message":"Analysis saved","filename":"data\\analysis_258891.json"}
{"timestamp":"2026-07-13T18:23:32.876Z","level":"info","message":"CSV saved","filename":"data\\match_258891.csv","records":1}
{"timestamp":"2026-07-13T18:23:42.884Z","level":"info","message":"CSV saved","filename":"data\\match_258891.csv","records":1}
{"timestamp":"2026-07-13T18:23:52.900Z","level":"info","message":"CSV saved","filename":"data\\match_258891.csv","records":1}
{"timestamp":"2026-07-13T18:24:02.903Z","level":"info","message":"CSV saved","filename":"data\\match_258891.csv","records":1}
{"timestamp":"2026-07-13T18:24:12.906Z","level":"info","message":"CSV saved","filename":"data\\match_258891.csv","records":1}
{"timestamp":"2026-07-13T18:24:22.909Z","level":"info","message":"CSV saved","filename":"data\\match_258891.csv","records":1}
{"timestamp":"2026-07-13T18:24:31.028Z","level":"info","message":"JSON saved","filename":"data\\match_258891.json"}
{"timestamp":"2026-07-13T18:24:31.037Z","level":"info","message":"Analysis saved","filename":"data\\analysis_258891.json"}
{"timestamp":"2026-07-13T18:24:32.910Z","level":"info","message":"CSV saved","filename":"data\\match_258891.csv","records":1}
{"timestamp":"2026-07-13T18:24:42.923Z","level":"info","message":"CSV saved","filename":"data\\match_258891.csv","records":1}
{"timestamp":"2026-07-13T18:24:52.923Z","level":"info","message":"CSV saved","filename":"data\\match_258891.csv","records":1}
{"timestamp":"2026-07-13T18:25:02.924Z","level":"info","message":"CSV saved","filename":"data\\match_258891.csv","records":1}
{"timestamp":"2026-07-13T18:25:12.940Z","level":"info","message":"CSV saved","filename":"data\\match_258891.csv","records":1}
{"timestamp":"2026-07-13T18:25:22.941Z","level":"info","message":"CSV saved","filename":"data\\match_258891.csv","records":1}
{"timestamp":"2026-07-13T18:25:31.033Z","level":"info","message":"JSON saved","filename":"data\\match_258891.json"}
{"timestamp":"2026-07-13T18:25:31.035Z","level":"info","message":"Analysis saved","filename":"data\\analysis_258891.json"}
{"timestamp":"2026-07-13T18:25:32.953Z","level":"info","message":"CSV saved","filename":"data\\match_258891.csv","records":1}
{"timestamp":"2026-07-13T18:25:42.967Z","level":"info","message":"CSV saved","filename":"data\\match_258891.csv","records":1}
{"timestamp":"2026-07-13T18:25:52.975Z","level":"info","message":"CSV saved","filename":"data\\match_258891.csv","records":1}
{"timestamp":"2026-07-13T18:26:02.989Z","level":"info","message":"CSV saved","filename":"data\\match_258891.csv","records":1}
{"timestamp":"2026-07-13T18:26:13.002Z","level":"info","message":"CSV saved","filename":"data\\match_258891.csv","records":1}
{"timestamp":"2026-07-13T18:26:23.006Z","level":"info","message":"CSV saved","filename":"data\\match_258891.csv","records":1}
{"timestamp":"2026-07-13T18:26:31.041Z","level":"info","message":"JSON saved","filename":"data\\match_258891.json"}
{"timestamp":"2026-07-13T18:26:31.047Z","level":"info","message":"Analysis saved","filename":"data\\analysis_258891.json"}
{"timestamp":"2026-07-13T18:26:33.007Z","level":"info","message":"CSV saved","filename":"data\\match_258891.csv","records":1}
{"timestamp":"2026-07-13T18:26:43.019Z","level":"info","message":"CSV saved","filename":"data\\match_258891.csv","records":1}
{"timestamp":"2026-07-13T18:26:53.022Z","level":"info","message":"CSV saved","filename":"data\\match_258891.csv","records":1}
{"timestamp":"2026-07-13T18:27:03.030Z","level":"info","message":"CSV saved","filename":"data\\match_258891.csv","records":1}
{"timestamp":"2026-07-13T18:27:13.044Z","level":"info","message":"CSV saved","filename":"data\\match_258891.csv","records":1}
{"timestamp":"2026-07-13T18:27:23.058Z","level":"info","message":"CSV saved","filename":"data\\match_258891.csv","records":1}
{"timestamp":"2026-07-13T18:27:31.049Z","level":"info","message":"JSON saved","filename":"data\\match_258891.json"}
{"timestamp":"2026-07-13T18:27:31.052Z","level":"info","message":"Analysis saved","filename":"data\\analysis_258891.json"}
{"timestamp":"2026-07-13T18:27:33.052Z","level":"info","message":"CSV saved","filename":"data\\match_258891.csv","records":1}
{"timestamp":"2026-07-13T18:27:43.066Z","level":"info","message":"CSV saved","filename":"data\\match_258891.csv","records":1}
{"timestamp":"2026-07-13T18:27:53.069Z","level":"info","message":"CSV saved","filename":"data\\match_258891.csv","records":1}
{"timestamp":"2026-07-13T18:28:03.076Z","level":"info","message":"CSV saved","filename":"data\\match_258891.csv","records":1}
{"timestamp":"2026-07-13T18:28:13.084Z","level":"info","message":"CSV saved","filename":"data\\match_258891.csv","records":1}
{"timestamp":"2026-07-13T18:28:23.097Z","level":"info","message":"CSV saved","filename":"data\\match_258891.csv","records":1}
{"timestamp":"2026-07-13T18:28:31.063Z","level":"info","message":"JSON saved","filename":"data\\match_258891.json"}
{"timestamp":"2026-07-13T18:28:31.067Z","level":"info","message":"Analysis saved","filename":"data\\analysis_258891.json"}
{"timestamp":"2026-07-13T18:28:33.099Z","level":"info","message":"CSV saved","filename":"data\\match_258891.csv","records":1}
{"timestamp":"2026-07-13T18:28:43.107Z","level":"info","message":"CSV saved","filename":"data\\match_258891.csv","records":1}
{"timestamp":"2026-07-13T18:28:53.121Z","level":"info","message":"CSV saved","filename":"data\\match_258891.csv","records":1}
{"timestamp":"2026-07-13T18:29:03.128Z","level":"info","message":"CSV saved","filename":"data\\match_258891.csv","records":1}
{"timestamp":"2026-07-13T18:29:13.134Z","level":"info","message":"CSV saved","filename":"data\\match_258891.csv","records":1}
{"timestamp":"2026-07-13T18:29:23.143Z","level":"info","message":"CSV saved","filename":"data\\match_258891.csv","records":1}
{"timestamp":"2026-07-13T18:29:31.061Z","level":"info","message":"JSON saved","filename":"data\\match_258891.json"}
{"timestamp":"2026-07-13T18:29:31.065Z","level":"info","message":"Analysis saved","filename":"data\\analysis_258891.json"}
{"timestamp":"2026-07-13T18:29:33.147Z","level":"info","message":"CSV saved","filename":"data\\match_258891.csv","records":1}
{"timestamp":"2026-07-13T18:29:43.158Z","level":"info","message":"CSV saved","filename":"data\\match_258891.csv","records":1}
{"timestamp":"2026-07-13T18:29:53.159Z","level":"info","message":"CSV saved","filename":"data\\match_258891.csv","records":1}
{"timestamp":"2026-07-13T18:30:03.168Z","level":"info","message":"CSV saved","filename":"data\\match_258891.csv","records":1}
{"timestamp":"2026-07-13T18:30:13.174Z","level":"info","message":"CSV saved","filename":"data\\match_258891.csv","records":1}
{"timestamp":"2026-07-13T18:30:23.182Z","level":"info","message":"CSV saved","filename":"data\\match_258891.csv","records":1}
{"timestamp":"2026-07-13T18:30:31.064Z","level":"info","message":"JSON saved","filename":"data\\match_258891.json"}
{"timestamp":"2026-07-13T18:30:31.066Z","level":"info","message":"Analysis saved","filename":"data\\analysis_258891.json"}
{"timestamp":"2026-07-13T18:30:33.184Z","level":"info","message":"CSV saved","filename":"data\\match_258891.csv","records":1}
{"timestamp":"2026-07-13T18:30:43.196Z","level":"info","message":"CSV saved","filename":"data\\match_258891.csv","records":1}
{"timestamp":"2026-07-13T18:30:53.192Z","level":"info","message":"CSV saved","filename":"data\\match_258891.csv","records":1}
{"timestamp":"2026-07-13T18:31:03.204Z","level":"info","message":"CSV saved","filename":"data\\match_258891.csv","records":1}
{"timestamp":"2026-07-13T18:31:13.569Z","level":"info","message":"CSV saved","filename":"data\\match_258891.csv","records":1}
{"timestamp":"2026-07-13T18:31:22.766Z","level":"warn","message":"Failed to fetch stats","error":"Request timeout after 10000ms"}
{"timestamp":"2026-07-13T18:31:23.410Z","level":"info","message":"CSV saved","filename":"data\\match_258891.csv","records":1}
{"timestamp":"2026-07-13T18:31:31.085Z","level":"info","message":"JSON saved","filename":"data\\match_258891.json"}
{"timestamp":"2026-07-13T18:31:31.110Z","level":"info","message":"Analysis saved","filename":"data\\analysis_258891.json"}
{"timestamp":"2026-07-13T18:31:33.417Z","level":"info","message":"CSV saved","filename":"data\\match_258891.csv","records":1}
{"timestamp":"2026-07-13T18:31:43.427Z","level":"info","message":"CSV saved","filename":"data\\match_258891.csv","records":1}
{"timestamp":"2026-07-13T18:31:53.453Z","level":"info","message":"CSV saved","filename":"data\\match_258891.csv","records":1}
{"timestamp":"2026-07-13T18:32:03.445Z","level":"info","message":"CSV saved","filename":"data\\match_258891.csv","records":1}
{"timestamp":"2026-07-13T18:32:13.452Z","level":"info","message":"CSV saved","filename":"data\\match_258891.csv","records":1}
{"timestamp":"2026-07-13T18:32:23.463Z","level":"info","message":"CSV saved","filename":"data\\match_258891.csv","records":1}
{"timestamp":"2026-07-13T18:32:31.093Z","level":"info","message":"JSON saved","filename":"data\\match_258891.json"}
{"timestamp":"2026-07-13T18:32:31.095Z","level":"info","message":"Analysis saved","filename":"data\\analysis_258891.json"}
{"timestamp":"2026-07-13T18:32:33.472Z","level":"info","message":"CSV saved","filename":"data\\match_258891.csv","records":1}
{"timestamp":"2026-07-13T18:32:43.484Z","level":"info","message":"CSV saved","filename":"data\\match_258891.csv","records":1}
{"timestamp":"2026-07-13T18:32:53.496Z","level":"info","message":"CSV saved","filename":"data\\match_258891.csv","records":1}
{"timestamp":"2026-07-13T18:33:03.502Z","level":"info","message":"CSV saved","filename":"data\\match_258891.csv","records":1}
{"timestamp":"2026-07-13T18:33:13.507Z","level":"info","message":"CSV saved","filename":"data\\match_258891.csv","records":1}
{"timestamp":"2026-07-13T18:33:23.515Z","level":"info","message":"CSV saved","filename":"data\\match_258891.csv","records":1}
{"timestamp":"2026-07-13T18:33:31.100Z","level":"info","message":"JSON saved","filename":"data\\match_258891.json"}
{"timestamp":"2026-07-13T18:33:31.102Z","level":"info","message":"Analysis saved","filename":"data\\analysis_258891.json"}
{"timestamp":"2026-07-13T18:33:33.518Z","level":"info","message":"CSV saved","filename":"data\\match_258891.csv","records":1}
{"timestamp":"2026-07-13T18:33:43.532Z","level":"info","message":"CSV saved","filename":"data\\match_258891.csv","records":1}
{"timestamp":"2026-07-13T18:33:53.570Z","level":"info","message":"CSV saved","filename":"data\\match_258891.csv","records":1}
{"timestamp":"2026-07-13T18:34:03.555Z","level":"info","message":"CSV saved","filename":"data\\match_258891.csv","records":1}
{"timestamp":"2026-07-13T18:34:13.566Z","level":"info","message":"CSV saved","filename":"data\\match_258891.csv","records":1}
{"timestamp":"2026-07-13T18:34:23.570Z","level":"info","message":"CSV saved","filename":"data\\match_258891.csv","records":1}
{"timestamp":"2026-07-13T18:34:31.100Z","level":"info","message":"JSON saved","filename":"data\\match_258891.json"}
{"timestamp":"2026-07-13T18:34:31.102Z","level":"info","message":"Analysis saved","filename":"data\\analysis_258891.json"}
{"timestamp":"2026-07-13T18:34:33.581Z","level":"info","message":"CSV saved","filename":"data\\match_258891.csv","records":1}
{"timestamp":"2026-07-13T18:34:43.582Z","level":"info","message":"CSV saved","filename":"data\\match_258891.csv","records":1}
{"timestamp":"2026-07-13T18:34:53.594Z","level":"info","message":"CSV saved","filename":"data\\match_258891.csv","records":1}
{"timestamp":"2026-07-13T18:35:03.603Z","level":"info","message":"CSV saved","filename":"data\\match_258891.csv","records":1}
{"timestamp":"2026-07-13T18:35:13.622Z","level":"info","message":"CSV saved","filename":"data\\match_258891.csv","records":1}
{"timestamp":"2026-07-13T18:35:23.628Z","level":"info","message":"CSV saved","filename":"data\\match_258891.csv","records":1}
{"timestamp":"2026-07-13T18:35:31.109Z","level":"info","message":"JSON saved","filename":"data\\match_258891.json"}
{"timestamp":"2026-07-13T18:35:31.111Z","level":"info","message":"Analysis saved","filename":"data\\analysis_258891.json"}
{"timestamp":"2026-07-13T18:35:33.632Z","level":"info","message":"CSV saved","filename":"data\\match_258891.csv","records":1}
{"timestamp":"2026-07-13T18:35:43.637Z","level":"info","message":"CSV saved","filename":"data\\match_258891.csv","records":1}
{"timestamp":"2026-07-13T18:35:53.637Z","level":"info","message":"CSV saved","filename":"data\\match_258891.csv","records":1}
{"timestamp":"2026-07-13T18:36:03.651Z","level":"info","message":"CSV saved","filename":"data\\match_258891.csv","records":1}
{"timestamp":"2026-07-13T18:36:13.662Z","level":"info","message":"CSV saved","filename":"data\\match_258891.csv","records":1}
{"timestamp":"2026-07-13T18:36:23.663Z","level":"info","message":"CSV saved","filename":"data\\match_258891.csv","records":1}
{"timestamp":"2026-07-13T18:36:31.117Z","level":"info","message":"JSON saved","filename":"data\\match_258891.json"}
{"timestamp":"2026-07-13T18:36:31.119Z","level":"info","message":"Analysis saved","filename":"data\\analysis_258891.json"}
{"timestamp":"2026-07-13T18:36:33.672Z","level":"info","message":"CSV saved","filename":"data\\match_258891.csv","records":1}
{"timestamp":"2026-07-13T18:36:43.680Z","level":"info","message":"CSV saved","filename":"data\\match_258891.csv","records":1}
{"timestamp":"2026-07-13T18:36:53.684Z","level":"info","message":"CSV saved","filename":"data\\match_258891.csv","records":1}
{"timestamp":"2026-07-13T18:37:03.703Z","level":"info","message":"CSV saved","filename":"data\\match_258891.csv","records":1}
{"timestamp":"2026-07-13T18:37:13.712Z","level":"info","message":"CSV saved","filename":"data\\match_258891.csv","records":1}
{"timestamp":"2026-07-13T18:37:23.723Z","level":"info","message":"CSV saved","filename":"data\\match_258891.csv","records":1}
{"timestamp":"2026-07-13T18:37:31.123Z","level":"info","message":"JSON saved","filename":"data\\match_258891.json"}
{"timestamp":"2026-07-13T18:37:31.126Z","level":"info","message":"Analysis saved","filename":"data\\analysis_258891.json"}
{"timestamp":"2026-07-13T18:37:33.727Z","level":"info","message":"CSV saved","filename":"data\\match_258891.csv","records":1}
{"timestamp":"2026-07-13T18:37:43.738Z","level":"info","message":"CSV saved","filename":"data\\match_258891.csv","records":1}
{"timestamp":"2026-07-13T18:37:53.739Z","level":"info","message":"CSV saved","filename":"data\\match_258891.csv","records":1}
{"timestamp":"2026-07-13T18:38:03.747Z","level":"info","message":"CSV saved","filename":"data\\match_258891.csv","records":1}
{"timestamp":"2026-07-13T18:38:13.760Z","level":"info","message":"CSV saved","filename":"data\\match_258891.csv","records":1}
{"timestamp":"2026-07-13T18:38:23.768Z","level":"info","message":"CSV saved","filename":"data\\match_258891.csv","records":1}
{"timestamp":"2026-07-13T18:38:31.139Z","level":"info","message":"JSON saved","filename":"data\\match_258891.json"}
{"timestamp":"2026-07-13T18:38:31.143Z","level":"info","message":"Analysis saved","filename":"data\\analysis_258891.json"}
{"timestamp":"2026-07-13T18:38:33.781Z","level":"info","message":"CSV saved","filename":"data\\match_258891.csv","records":1}
{"timestamp":"2026-07-13T18:38:43.791Z","level":"info","message":"CSV saved","filename":"data\\match_258891.csv","records":1}
{"timestamp":"2026-07-13T18:38:53.793Z","level":"info","message":"CSV saved","filename":"data\\match_258891.csv","records":1}
{"timestamp":"2026-07-13T18:39:03.808Z","level":"info","message":"CSV saved","filename":"data\\match_258891.csv","records":1}
{"timestamp":"2026-07-13T18:39:13.809Z","level":"info","message":"CSV saved","filename":"data\\match_258891.csv","records":1}
{"timestamp":"2026-07-13T18:39:23.812Z","level":"info","message":"CSV saved","filename":"data\\match_258891.csv","records":1}
{"timestamp":"2026-07-13T18:39:31.143Z","level":"info","message":"JSON saved","filename":"data\\match_258891.json"}
{"timestamp":"2026-07-13T18:39:31.149Z","level":"info","message":"Analysis saved","filename":"data\\analysis_258891.json"}
{"timestamp":"2026-07-13T18:39:33.821Z","level":"info","message":"CSV saved","filename":"data\\match_258891.csv","records":1}
{"timestamp":"2026-07-13T18:39:43.830Z","level":"info","message":"CSV saved","filename":"data\\match_258891.csv","records":1}
{"timestamp":"2026-07-13T18:39:44.507Z","level":"info","message":"Received SIGINT, shutting down..."}
{"timestamp":"2026-07-13T18:39:44.509Z","level":"info","message":"⛔ Stopping tracker..."}
{"timestamp":"2026-07-13T18:39:44.511Z","level":"info","message":"CSV saved","filename":"data\\match_258891.csv","records":1}
{"timestamp":"2026-07-13T18:39:44.513Z","level":"info","message":"JSON saved","filename":"data\\match_258891.json"}
